mbid	band	fame_lb_raw
00077d46-7b4a-4761-9eed-c7dd435fa5ff	0	108
000b1990-4dd8-4835-abcd-bb6038c13ac7	4	20468
000d90ec-d64c-48a1-b775-e726fd240e9f	4	36648
0053dbd9-bfbc-4e38-9f08-66a27d914c38	4	77929
006631f4-5214-49ff-a386-a064853d1a1e	3	5885
007dbf51-6ee0-4038-8e90-94a954e25ca3	4	20487
008ef761-5d59-4c36-bfe9-8cd95b4e2ff6	0	73
00924869-ef61-449d-8dcc-babbb82bdc5f	2	2263
009a7dd6-1893-413e-a0f8-fb7b5b4953c8	0	74
00c09829-720b-4fc8-a990-78c8cf205ebe	0	235
00f5ac71-f425-4cc5-8d7b-5ec1f67dfdb2	0	224
00f6b815-8ee6-4c23-b157-18fe3506a186	2	1510
0119017b-81c0-436c-b5e5-332afe8c2e02	4	24042
012e3432-71d3-4317-9ce5-b60cb6cdc38f	4	104504
012f2687-b9e8-400e-838d-d96707ea3a5e	4	18833
01313a9c-158a-4470-9bce-a524b68c8828	0	332
0136de92-264c-4e22-b3df-647b2cc8ce97	2	2477
01480dd6-1767-4a30-9702-2a0bd82f786d	3	3847
01567632-12c1-496c-8499-7151b1552892	2	2747
01573ccf-edf6-4eea-b52e-a9b8e4cb8346	0	165
0161213b-0461-4d0d-990a-3331c51ffcf6	4	24506
016eb522-88ac-445a-be91-b50d0ca98e24	2	1548
01830cc1-8a04-4dfb-9e4a-d557dfda6a93	3	8496
01a21615-7fdf-4fa5-afbd-dbc58c766977	4	17927
01a24e55-f289-4b60-b015-37640307a730	1	1029
01ab4385-20c2-43bd-bd52-a232a05542cc	0	308
01b8b5bf-06cb-45da-85fb-61ada72fcd69	4	14734
01bbcfe5-9ba5-4ab5-b246-dd2511fc0ad5	3	5224
01ceb7bc-d36a-45e9-8011-ce26bc586c3a	1	1062
01ddade0-d610-4728-ad40-b2786ffcc1c9	1	1372
01e708f5-bb89-44b5-84db-df544cff636d	4	17597
01f94ec3-536a-4461-9621-82628247cd06	1	1062
01fb9ab7-c2b3-44eb-9956-d640ca385295	1	530
0211a7f3-a769-4f36-aa8c-030e62ad6b18	1	691
021c2f50-98bf-48f5-b664-a118a99215f6	4	11149
02294a9c-c924-4a59-877d-3ee98ee05ae1	2	3146
022c85ab-eeed-479c-9679-a0e4b5a6a338	4	14954
024d546c-013e-4ebb-ae1f-a64553e271af	2	2780
025bfefa-8e61-4e8e-9f67-8b1d2c36e70a	0	114
026b096e-e024-42ab-82f3-107bddae77c2	4	29523
026c1c22-8d1c-473c-a33f-a27fd02d6975	3	4958
0280cec6-3c38-4367-bada-a433e1f399d3	2	3452
02b4de1f-66eb-48f5-a766-c5cd2a7033f3	2	2086
02bc33c4-04c3-4673-b9d4-c9f1d6916ec4	0	418
02e0cffc-e029-47a3-9d5f-358953ec27a1	0	365
02e5ab4c-7391-4614-ab0f-961b155c5887	1	1194
02f4300d-933a-4b2d-a53e-2d1f5911ca36	3	5560
030f3060-6825-4539-89d2-3de8021e766d	3	4911
0310f78a-3395-46e9-9986-342480de490e	3	5293
03143cba-d359-4bd9-8ab3-5ba6590f9933	4	10047
03210c24-e652-40e3-bdec-16888faf2b9d	1	848
032d3abc-f0ea-4eaa-885b-7b2d9b6d2d8e	1	1064
03316873-65a9-46d2-987a-be39609078c1	4	56404
036caa87-7a29-46de-9aea-acc5ab1c119b	0	86
037bb92d-efd5-48d9-b197-3ce699067e3c	4	24515
03a65856-484c-4179-9f87-058d3f41feba	3	6044
03b10e63-04f5-4f59-9954-fc22a4386945	3	3765
03e39569-c546-4512-8c6d-f8a8283ec3d1	3	5953
0456820f-281d-4124-a47d-fbede06088ee	3	6104
045e434a-d83b-4472-b7f2-44529a1c3c31	3	4290
047cd428-d838-4470-a7df-8ca217298349	2	1626
048e4667-f45c-40c0-827b-bc6378da2dbb	4	10518
04b00041-3211-4722-9143-c55507b0a086	2	2897
04b38431-dd3e-43c9-8824-14fd01f2c9da	4	12582
04c464f3-cdae-4b43-9d0e-e972316f6b1e	4	13975
051fbd6e-bec1-4cdb-9fde-ca69bc9ecb82	1	884
05383c34-19b0-4143-866d-9710ebbddab0	1	1384
053a5441-8d53-44f3-b01a-311ec6e25abf	1	576
053fde47-68b0-41e8-b5b7-8b18b2e72876	0	387
054fdc58-ad51-41b4-b998-7462cae17bc6	0	185
0556f527-d02e-440c-b0bb-3e1aa402cf19	1	540
056bca2e-a5ce-4126-b74a-be6652b6aebf	0	197
058383e9-a581-4cab-9850-f3ab5a226e37	1	1347
05941e83-a445-4569-874d-92e3bcfdba43	1	663
05dfc158-5925-451c-8e3a-332f7c6993e0	0	144
05f9889c-eff0-4cff-8897-c963bd6dd0ab	1	929
05fe8f73-f094-4c8f-a7ad-889f0c6c5a9a	4	15929
05ff5cc0-7f2d-45d5-9c6d-6913c7ed6049	1	1382
06181fca-00bf-4f50-9d8a-39fd0efb879e	2	2092
061f6e64-b712-4255-b969-ac6be871bf9c	2	2396
063ce55a-b255-417d-ae93-0c6566881ce8	0	67
064295f4-0d7b-4b74-b613-18f4bbe30ccc	4	23250
064d479e-98e7-480f-a90d-296390123e68	3	5061
0653c86d-903d-4fad-bc3c-a9db1f945809	3	3756
0653dfca-b2f1-41e0-86cf-80729e25de0a	1	688
0655221a-d92f-4eee-a555-b36fab7c682c	2	3121
06583815-f25b-4ff7-acdb-c012a5667eb9	3	4821
0658adf9-a397-4600-b3ab-5be1c4994cd5	0	372
065d7256-39a2-430f-950e-5f3a7bf90400	2	1499
06718d1e-2ab3-44fd-a8d4-aa668cb1a3c7	3	8971
067910ee-7ca2-4519-aa68-0b339e555f4f	1	1110
068c47cd-1a7c-4f8a-86cd-ab76d21d8ca1	1	1150
068f7584-5712-4f18-a447-ce3bffeb74a0	0	152
06b04899-407c-4baf-bb1e-7b64796a2237	2	1654
06b6f280-8787-4a3d-8ab6-c6487b465320	4	48102
06c80147-ce87-4f9b-b103-e79d1d077e30	0	292
06d509fc-ab81-4789-bef0-1ffa06d6e4f8	0	493
06e63556-7016-4933-b8df-4a13c88728d8	3	3861
06f73938-04f9-4b08-adc3-2978bb957de9	2	2825
071ab0f1-ac3f-48f6-9ee6-11b72eb73e57	4	28417
073bcf67-9f6f-4ebf-b1ec-4f249e631760	0	139
077e1c7c-5cc2-4080-a64c-993b8bd3a7ab	2	1603
07832b42-8826-4ab1-acd3-c49a2f595ffe	4	9821
078f737f-a8ff-4dd7-84f0-eb786aa833b6	2	2294
07901384-cd4d-44ef-8d99-9f938455c858	2	3580
07b7e791-ccfa-4ec4-b2f9-e136d4cf0746	1	1050
081fd4e0-a888-40ce-8269-ff366d6a2420	1	1129
08556a98-19f4-4a87-8dba-f258f498e205	4	15508
08607724-00e6-4624-84ca-d0b31eeb5a3b	1	1151
0879ca44-f3eb-4553-a689-4ec10354bed2	1	1369
08870a97-6af5-4db8-97fa-859bb9f2e0c2	3	8318
08b736bb-1c82-40b4-8b0b-49e2182a067a	4	54429
08bc4381-625e-459c-a73c-d3fbd01d13c7	1	532
091ec508-877f-4e3c-92a3-10903bbbc7ad	4	77054
09260ed1-6ecb-4a5c-857e-4e2c6e282365	3	7168
092cb48c-e9e3-4bb5-bd87-c8388d8c9721	0	289
09374630-23d6-4852-b2be-e2e711afbbfd	3	3977
094013ea-dd69-45f3-919f-cfd7a50a9b41	2	1697
09402904-94b8-467d-a894-4a7b40045eaf	4	15406
0942ec23-dd69-4d35-9c6a-7ff1ea18cafd	1	850
094952ce-9f96-4e27-88cf-76f98bdb7555	4	15209
095f8e81-fec0-4e82-8d62-6ac0182faed6	2	1970
0976dbd8-e7fe-4161-9a49-58c57f7a7787	3	7580
0981102f-a51b-474e-849e-3756fe1fef64	1	1171
09a28356-b096-4d7e-8aed-03e2199bf924	2	2546
09bfc31a-ef7f-4537-836e-f3daeb76709a	3	5444
09c88499-fd98-4f0e-a4c2-7e763140b611	1	1064
09cb2315-36be-43c0-bd1e-80528925aa02	2	1868
09f221eb-c97e-4da5-ac22-d7ab7c555bbb	4	23609
09fcc58c-ba74-48e1-9975-d2e0aa96fa47	0	123
0a526a8b-724e-417b-afaa-ec38bcfc3103	3	3589
0a63ec16-9622-4fae-9b44-213f0b9952c7	2	2430
0a746deb-ab08-4bb8-b4fa-490894697fbd	0	285
0a7b8b55-9f07-4527-899f-a7f152c73320	1	803
0aac51db-d89e-420b-a2e4-515ca763eadd	3	3737
0ad0d7d9-9308-4132-b104-990168ec405f	2	2664
0ad12092-85b1-489d-b23f-790d1c620aeb	4	12684
0addbe9c-9312-41d3-bb20-07ae84b81737	3	3980
0b1d85a1-d009-43a1-be65-139d1ac62d53	1	1403
0b1f739a-9683-437d-82bd-6f21138014bc	1	986
0b61bf88-7db1-4307-836a-8cd2b23ebfb7	1	1400
0b81bf13-c8f4-4852-95f0-86257b24d97b	1	582
0bac7675-f13b-4dda-9679-3a12532ddf81	0	95
0bbc4521-e5ac-4082-aa6c-fabfa606192d	3	9508
0bc172ab-4f17-4b2b-8705-0d2ca3ebecc2	2	1539
0bc7efef-33dd-4d83-8bd0-f9608b158157	3	4583
0bcd2a74-cf0b-4956-84ee-c9cdb1010cad	1	528
0bd9ff08-d360-4e34-9c2c-35f3896a1105	3	9300
0bdca973-c50a-448f-92eb-d5234e4d92d8	1	666
0c02772e-760b-40fa-a82a-296306681ead	0	505
0c0db39b-52c3-4b25-854c-4a44df6f3813	2	1679
0c1368b7-f911-4fc0-a68b-fd4fd3219f8e	0	128
0c2bc292-28ad-4863-b944-64a97ba1b975	2	2226
0c55617d-2e31-45c4-b364-6f882d3e3297	1	642
0c5c0ff2-bcde-401d-9d88-c9cff190d673	3	4054
0c708cbd-a8d6-4a4b-8fc4-04dc9ebd23b8	1	997
0c729287-2584-4d00-822b-11f9fadb86a1	2	3378
0c9f64a4-cf0a-4bbe-90a2-a947353e95ed	2	1627
0ca5a598-a6d4-4fa7-8285-a1dc2fbfe2c2	2	1836
0caf9760-a755-4f14-a0ac-f669991527ab	4	20478
0cb52727-1799-4a37-9f52-c690f6aa1f0c	3	4520
0cc4efd9-b2db-4428-a646-82f04d653d58	0	156
0cd7ff0b-21e2-468e-9652-abf211ddadcd	3	9467
0ce7fbf0-1107-4c4f-b117-5f0756cf90c4	2	3355
0d19e869-22f7-4273-8d91-844b445e8bf4	2	2970
0d27f48b-c8d7-464b-85e5-5a2b823436c9	3	8523
0d36c13c-eb19-4052-be39-c47965d45c65	2	1549
0d46a2b2-f85c-4271-8ade-2c33d5b2c56b	4	10115
0d48ac8c-fe03-4561-af68-757a0fb4fdc1	0	48
0d501a8e-e923-4885-8a50-4c6cb11265d6	4	11506
0d6e476b-cdad-45b7-9257-53459e40c1a8	0	368
0d78ae17-2caf-4c8e-b513-b68eb813825b	3	7191
0d92cfc7-bc7c-4ff1-95e3-3ea7a66ca126	3	9234
0d9ef6eb-574e-43e1-bcda-dd235e410305	2	2393
0da54e83-7bba-4ec9-b619-ee4442333ec6	1	890
0db09b12-1714-409e-8412-d5f30ab8fb41	0	495
0dbfd4da-d41f-4129-ba9a-19650c476362	0	202
0dd3a018-d88d-43b6-9e2f-38d104be14cf	2	2773
0dec6a68-6876-43d6-a190-b4d4920a8606	0	282
0df8708d-97c0-4107-958d-7a948c4f77bc	1	736
0df8c7e7-420a-41ec-8ca0-5dd2ccc56561	0	130
0e238155-174b-4c9f-8959-74c5d94bd284	3	8983
0e3a584b-a395-449d-b5db-87a79be561ad	1	1008
0e414c6c-fca0-420b-9bd9-197885d243bd	0	185
0e54eb00-64d9-4d69-b6e3-c601f8da0648	0	405
0e615ed9-57b7-422c-a920-f6fa55ea6c0f	2	3075
0e669587-4f57-4c7b-9aa1-793324d6c380	1	847
0e6b3a2c-6a42-4b43-a4f6-c6625c5855de	4	88018
0e84b561-5a1b-460d-bd14-35dad2abcc08	2	3326
0e9e5775-1423-419e-b44a-e1757b7479ce	2	2533
0eaa99c2-26ed-40e0-a3c0-06a86b0b6d4a	2	2155
0eba2a81-4040-4a8f-923f-19a3aa2256dd	3	6085
0ebdeda5-1ee9-4f22-8b5b-8c44ae9dc08a	3	6073
0ec95aa0-d79b-4d02-946c-bf8867f7e054	3	3940
0ede997e-49e6-4279-a165-25d7d1e31b0f	0	518
0ee4273c-fdec-4c0a-8e3f-077eeb58431c	2	1842
0eeab22e-9272-4ebd-8be1-2eb05505aeda	0	504
0f1a82ef-f333-445c-86c6-40feede77748	3	6560
0f22c37a-9aab-4568-a26a-40d0cb0e500f	2	2352
0f3f7357-73d3-42a3-81a5-b359bc4e8a56	1	1133
0f6d15ce-b12c-4c59-a021-f4e059a5e9e4	1	853
0fbf1500-a8bd-4db2-b372-86d195c69682	1	918
0fc6441d-ee08-4088-8a70-1d6ed2ad5a35	4	16653
0fe5df51-ba65-4784-ba85-7d024a107a8a	3	6911
0fff8ab2-c500-4564-b4f1-f4da7642d986	3	8931
100b8734-f4f0-4536-9960-47f7c59d1b4c	4	11231
1015b5e3-8e3d-4d78-806a-c530cf742e66	4	28155
10366723-6909-4dae-8d8a-eda3fa1f2f6d	1	1185
1042b654-4ab2-4230-938b-69492869f447	2	1788
1043a3a9-6722-4cdb-a28a-6acbad217b38	4	63577
10482dc8-3c52-4d77-a618-dde6f31f3002	0	424
10507b30-26fb-420e-b79a-3ff6a3b270cf	2	3123
107690d0-7313-46ee-841c-208ab55afe64	3	5186
10785ade-5015-4e7e-a3ec-eb5c89615d62	3	8421
1087a691-35da-4450-b6bd-5d18d4304b97	3	6832
1092ae23-d118-420a-a570-719aa2dc86c9	4	24874
10b0d736-7f70-4333-babe-e4ff7b7b55fe	1	597
10b2a4bf-de8f-4652-ae14-294b57fc1dba	2	2113
10c0f42c-356c-47d0-9f6e-65ec69cedf48	1	663
1119ed92-2d79-4145-bace-d91418d2bc34	0	192
116a2e47-f598-4869-8a4d-c7ba56c640ec	1	588
116c1ad7-c75d-4e6a-b416-12b1d231fdee	4	10553
116ed804-4d04-43fd-809f-24e18b17233c	4	14166
118c5949-3023-4262-a646-dda45e02f49d	4	32586
119d9a00-c929-4d3d-8e6c-1e9537c7b59d	2	2125
11a683e2-c855-4b93-934c-0ecb053fb5ac	3	4936
11c29524-807b-4704-a8a1-caa156b62b66	2	2866
11feda8a-3294-48ca-b3cc-7d0968a7a289	0	101
1206c904-9282-494d-b9c7-49e8fb201e69	2	2628
122805dc-68f0-424f-8f33-7a3d141cf4f9	3	6108
122a8e96-52f5-48aa-8944-44807dbcef45	2	3242
12455562-6e62-4c14-b21c-6f9664af2aa0	4	10665
125e2339-21a3-48fe-9a61-c82c702885ff	2	2209
127778cc-999f-4724-839e-b97e83fe7b42	1	644
128b3aaa-f932-4eb3-93cd-cf1d56e88be6	3	3633
129b3493-f913-432b-a3c0-a2547bb26c41	0	280
12aac92c-26d3-4b0e-be5e-e7b86ab938b6	4	31715
12be3ef9-8df9-43d4-8d98-a855d99182dd	0	318
12f40f79-ea64-42e0-a54e-732cd32cbfa1	3	5435
12f5e840-e2fc-4c90-8741-4c0a767f2a6d	3	4229
12fa16bb-e36f-4aa5-b6db-a0fab819d8bc	0	121
1305bd7e-27ef-4236-ae87-0a7d435234ca	4	44949
1339fab0-3ad8-4b8e-afac-7b7ae34509c7	4	52376
13655113-cd16-4b43-9dca-cadbbf26ee05	4	233429
136dd883-5a23-4b75-8079-0cd658d76ba1	4	15818
139a929e-516e-46c4-9302-c06f4c84777a	4	10110
13b64a37-018d-4262-94f1-1bbb20ae65a5	0	468
13c28cae-21bc-41f4-b808-f549fb3025d4	0	144
13d8844a-8a6b-4b6a-9ef1-14237d327c9b	2	2025
13db6b6f-c818-4e62-9304-af96327920b7	2	1969
13e4cbff-72c0-4e4e-9e8c-32a353e48647	3	7911
13eae59b-8c61-4406-b6a3-ce1b17b821a8	2	3125
13f6a843-39b2-4f60-b589-cb264def26e5	1	1006
142c054f-3a4b-497a-9b98-9b480434f6b6	3	4209
144ef525-85e9-40c3-8335-02c32d0861f3	4	232886
149a04e5-a72c-44eb-8266-51e65147446e	2	1989
149b3826-8a1e-4eda-becd-ee7883e4154b	2	2171
14bd08f4-9b4b-4535-b7b3-9da685455d6d	1	777
14cb4b6d-e93e-45f5-8fb8-b0951fb4a292	2	2080
14da739b-4094-413e-9a2b-0d2ba11b65c2	1	1149
1502e715-b50a-417f-98a4-77a0a128ed0d	2	2710
15042d2b-2d4c-4451-a96a-6f547642de13	4	88243
150e14bd-915d-4574-b574-f77dd7ea72ad	4	49551
1533a61d-4744-4339-bdf5-970e2c8e036c	4	9891
156e03b6-13db-4db8-8b19-cb6f2269001b	1	1226
157a9c8b-7a6e-4d6b-8f97-c669ef124deb	0	83
157c86d6-05bd-4b75-a681-6d44e2a66db1	2	2610
157fa1d2-3399-4523-9481-edd2e2f57400	4	11679
15b478fe-83d8-4216-8a9e-46cb0efce258	0	68
15b4aace-6126-402a-96f8-131a943ce20e	4	24740
15d7c4d6-ea9e-437e-b239-cd2ce5151e12	1	1283
16231a34-9ccd-410e-8690-f74e98fe16a4	4	59789
1626de1a-509a-413f-82de-a362a2fd14a3	4	23922
1637d94f-4e53-46a6-9c27-8e8d21a0bf90	2	2709
16548cc6-c877-48d2-8157-0a6f9e7c583b	1	579
1677a134-b702-49db-93bb-ee02a06b3996	1	948
168a6eea-86cc-4061-8615-164e7a00ae9e	3	5963
16a29583-0a91-415c-ac87-6ee5c6c2c406	2	1525
16aa5cb9-8e51-4135-a0ad-120e65201468	1	1278
16b2d846-79fe-436d-b19c-3af45fbbf91e	2	2365
16cb4a74-225a-4262-a885-628083f12460	2	1810
170ad651-7b80-4baf-b772-43841efab031	3	3650
17294d99-11ea-4fb3-af2f-33e607a8c079	3	7199
172e980e-ba97-4adb-acb0-d59733c599b6	2	2647
1734fde8-6396-409e-97b0-d14c5fc614fb	3	4780
175ba729-9516-4fef-ab31-487f271909c6	1	689
175be76f-52cc-4411-957a-9c2b0fbae0b9	3	7227
176d28f2-2161-4349-bb52-4a69f12bf22a	0	128
17756a89-689c-4d94-87ce-7f52da4bd3f5	1	563
1789de4d-0f0c-4db9-b850-a823b945c883	2	2542
1797c0d7-9e0b-4277-8e45-d9dcfc4c3ac8	0	325
17bdc2bd-dcec-4267-aa4c-87238f763066	3	4763
17c70822-625b-49b6-86b1-6cffc78889bc	0	323
17e137fb-59e5-4fd7-af48-afc34995396c	4	101777
18234037-c0e5-4be3-82c9-c68923397ba0	4	11206
182f2fdb-5d69-43f5-9976-4770373c508b	3	6311
18511320-ff94-495e-8a48-96be8641caf8	3	3779
185527bf-c293-4c24-8213-ed98fb8976be	4	10880
188243fd-688c-4cad-8fc1-433929484595	1	651
1882d652-c3e5-4ac1-8f88-cf64392ec61e	3	7493
1888a285-d2df-4cbd-be26-c38680291bad	3	8824
18b404cb-bdf0-48f0-8825-19c0a6f8872b	3	4416
18e9bfd5-db23-4bc1-be0f-5710e5d656e4	4	47321
18fd16ff-1807-4951-bfcf-700018019edb	2	2283
19085489-733c-4283-a565-e0b9f2d1e939	1	610
190f4766-d636-475e-9a25-a420a213f34c	0	388
1915de2e-9ca2-4d2a-8aca-6d4819315166	3	7921
1918418c-ea1c-4d89-b0c0-e37ab12b24ed	0	313
1931ed8a-3082-4791-b40e-8141e450d81b	0	204
19499124-36d4-4ccc-b28d-04dde3d2076f	4	38289
195f9eff-9af2-43b6-87ea-bd1c0cffc254	4	23376
19710493-0b3e-42de-bbff-eaf7b11b5c75	4	13361
19a2a56f-fd53-4dea-8cec-88046efb0fd5	4	16689
19a2b956-2ca1-4009-a5d4-774426b3a725	1	800
19c0f857-523f-4b70-9400-66a217342893	2	1841
19cf9da9-4a63-4edd-9f65-816f309dc2f0	1	890
19e5ae58-e9aa-4fe1-8a3e-0edb2136cfb8	2	3520
19ea9137-1914-4c03-850a-df4c05c524e0	2	1664
19fb115d-dcf5-4dcf-8723-cb6451d3d35d	0	1
1a0b625f-372b-4cbb-989f-5896bdfce1ab	2	2783
1a1b956f-afa5-4067-b074-48bd181c647a	3	4945
1a1bc29f-f547-4905-b955-315fb4a38d12	4	28196
1a39ecb9-103a-4db5-8138-ba8e3138b575	0	95
1a472ec5-97b1-482d-b17a-9a3d6b3dbcaf	3	4311
1a4ab3a6-fa9a-4a5b-8bf3-31217f9ca517	1	629
1a851e93-ef32-4569-927b-ccd39608ea34	1	1106
1aa7dcb0-9c9b-4609-a7a5-bdeee26e39e8	4	17014
1ad27b99-58eb-43ac-96f8-8d898ed0dab9	0	49
1ad28cfc-cf6f-4f0c-a902-5066a0d02fff	4	11338
1b16f1f9-fbed-4be3-b6e4-a85d91dde293	0	301
1b193067-a17d-4f5b-b318-7753f96dbf67	1	660
1b5a4471-06cd-4d35-8cb6-c7116bbe901b	0	13
1b7ca15d-dfee-4b1a-a2f1-41962096c3c8	2	3327
1b7de629-8e8a-4748-b402-bd58de30e5f1	3	6827
1ba748f9-2fe1-435d-bc92-15d085d04577	0	103
1ba985b5-c215-4bcc-89f1-2a66b6213bc9	2	1976
1bc321bc-645a-4533-9643-9f349bd17b5f	0	146
1bc69a93-8020-4e07-8b05-0b63312808fb	4	11242
1bd0debd-1e39-4e7b-ae12-34edfe8495c8	0	204
1bd19c0d-1d84-4c17-80ba-1f7c905b7d69	2	3396
1bd50cb2-09b8-4539-b660-af585cb3e40b	4	10852
1bd7b840-4563-43c5-baa0-f925e796e5fb	0	371
1be6c96d-2a4e-4b65-a125-e515c39febcd	2	2000
1be7cde4-8c97-4a83-8a85-5fd251da4be8	0	320
1c15deec-f162-48dd-a759-f79cc64f5382	4	25837
1c1b65fe-9e02-4019-a32d-a64da6225eea	3	6080
1c1f6f5f-4c48-4baa-a9b5-aa968acb0918	0	438
1c20cad7-1674-428e-9b36-3e85109a89bc	1	923
1c350856-72d5-4ddf-b474-4fddcaf79e8f	0	45
1c42b705-d3fc-452e-93ee-d0030bdd70f3	4	64288
1cd1c6d9-0862-4de9-bba7-e9055a083a75	1	668
1d25e697-096d-43b1-94bd-74e0619c5567	4	21775
1d56d466-364c-4f57-8f3f-8dd0f86d5ae3	2	2220
1d72f6b5-52de-4403-85a4-9c5465242b3b	2	1571
1d7da097-91e9-4bf2-bb54-c6e4bd43b95d	3	8121
1d9ff8bd-4f43-490e-9b05-9934bd809dd6	2	3312
1db398d1-720d-437e-9110-99d8cc0c4df2	1	583
1dbece7e-c6f9-4f94-91e8-47fb4c88e2ab	0	478
1de1abbd-d800-41e6-9967-d3f904b2bb80	3	7645
1de38950-9199-40e7-bcef-645c83aa9c94	1	1353
1deba8c6-0bb9-44b1-a4f2-7216f9f109eb	0	406
1e0961f4-ccc4-455a-8718-04f8674453ea	1	792
1e0bed15-7449-4d00-9532-4319018d7818	0	206
1e107a6a-7350-44d4-b450-e024c99f29de	1	932
1e29feb4-34b3-4032-b054-c13d737cfdf5	2	2724
1e2c7f08-f996-4c6d-8706-9234662618da	1	1056
1e3cd315-62c7-431d-a07b-1af4409a56f3	1	668
1e3f0eae-9b81-4693-ae10-e9eeb339b9aa	0	67
1e4ec3bd-9e57-4742-8022-11b4c9397035	3	9675
1e882508-f664-4abb-919a-8e266f2fad63	4	14012
1e8a2bc5-98e4-4bac-ae61-d189e43fc992	0	71
1e9aa4bd-9689-4535-9665-7f661d63d1c8	3	5714
1eaf159e-e986-42d4-b151-79a8c2512682	1	571
1eb83ccc-c448-4a54-b453-33d939093173	3	5114
1ed5c328-840d-43b6-8455-8d1b4e7f3080	3	4310
1edfad19-cfb0-496d-a204-29c1ca5ca1f9	1	754
1ee5ebf9-5e02-46b8-8b88-71144099cd3a	2	1781
1efb4b2f-ff02-4175-b989-dbb95fa9f99b	1	634
1f696856-fc7e-4449-a9bf-1e848ffe0eff	3	4048
1fb29fcd-28a1-4ace-b5f2-431d085ee9e1	4	14882
1ff1e9b0-1c21-42eb-8a7e-051090ec54ae	2	1532
201d3172-dc3d-4a8d-99d4-f7f801f6efe0	0	275
2026c1d0-356b-4f2d-a3a0-9edaf86bd5dd	0	131
203eae19-65a5-4030-987f-e95f9b8e9a9e	3	9632
20448d45-8090-469d-8cae-725970e2ce19	0	288
206899fe-b2d7-449c-98de-7747ea0fd560	2	1775
20756d24-810f-47f4-8c3a-1c25f08969db	3	5423
209311f4-f9c2-4e44-95c4-f7708f9cc10f	3	4257
20a948d5-4ca9-4066-85e7-52baad59a118	0	387
20b144e3-dd0e-4359-ae0c-0af7188c443b	2	2802
20d49152-11a2-4e55-8251-0d11dc6424fa	2	3168
20db01e0-20a4-49fe-a82e-dfadf117f36f	4	12757
20f4225f-f50e-4382-8b6e-b18448bc037d	4	13994
20f53f4d-f9f1-434a-8772-73aa62e953df	0	151
21085b90-cbe9-40a8-a6e2-c11f4242824f	1	735
210c57b3-91dc-48db-9487-97f30719ea81	3	6665
21144f7f-70f0-4c06-b365-5f1651dc8944	2	2118
211c72e8-573e-4c20-9365-993a1bd11dd6	2	2346
211ed457-7b3e-4b75-8f69-0d22515b99cd	0	496
2123417c-f562-4461-9873-8910ffece5d6	3	3700
215ebb0d-b4e3-4487-af3f-81ffc38a2d33	1	1127
21604715-7fe4-4184-a98f-23d9ff57fc68	1	740
216d2e42-ac1c-43eb-a027-d160df86508e	0	473
218100a9-f66b-46ca-8620-a94e347eb7db	1	912
21848b19-5a20-4a58-b168-0b5f95524cdc	3	4695
21985b14-1b0d-44fe-b357-310b29bba510	4	64861
21c23ae6-096a-4bfe-b1d0-0d49d0e1ea6c	2	3516
21d177ba-3d51-461e-9b3f-ad9a80b419dc	4	68295
21d88fc4-45f0-4bcf-9d0c-46a969993c74	1	852
21ec9aec-c067-4b0f-ba7f-0837bae6e31a	2	3349
220e6bbb-2d31-42fd-861c-c355cc4ea8a9	1	1181
220f98db-2c1a-4c0c-a2d6-eebcc139d53c	3	6372
221dac85-5e1b-478b-a330-369faf1e37bc	3	3752
224a4ffb-4a46-4312-b98a-afda163114ab	2	3362
225143db-6eed-47f1-9d35-cad75ca87106	0	355
22600474-07c1-4557-9d1a-1c919a2d085e	1	847
2260bd1f-6412-48f7-80e2-a452c329b170	0	335
228af6b5-f691-4ed2-a63b-10cc6fcc1144	4	56129
2294c553-58e4-425b-8bab-bee01f2d477a	3	6348
22a183e7-6077-40e0-936d-bfc79558f1df	0	101
22a9be47-5579-44a5-8e90-deb937184793	3	7651
22af4a27-bb80-4408-909b-6125887c80c3	3	6004
22c14c8b-0ba0-4fd5-8285-2f188f69423f	0	280
22c324f9-0049-4dcf-b496-bcc46c06d73c	1	596
22dbe176-9b9b-4c2c-b84b-a2f3aa0cf355	3	8443
22e09fdc-a761-48a1-80d3-1f907d042a0b	0	123
22ed8bd8-5dcc-456d-bf2f-083026358d35	0	274
22fe314d-f914-4745-9f79-eeeb9fb2c370	3	4237
23087a0e-ac98-451c-9a7d-673a19896088	0	290
231475d8-fddb-4d7d-aad9-287e59e4b4ba	4	51312
233ab6b9-51bd-4b8c-8d79-3845d2b65435	3	9347
2342e86e-a876-45f9-b88a-f4502ab7cb23	2	2205
2382bcb9-0f05-492e-b10c-2d6067a1955c	2	2592
2386cd66-e923-4e8e-bf14-2eebe2e9b973	4	212217
2399571e-ca6e-46b8-8d7e-310a45eb9e19	1	1055
23be6929-30fa-40ee-8db0-49e59232bf7d	0	269
23c1b0a0-f9d0-43fc-b823-2bbbbae6f24c	2	1831
23ca355e-a5af-4395-ae62-36e374028dab	1	734
23d9d74d-c95e-46a6-be26-a6075c49747a	4	162987
23e3063d-bc72-45f5-b59d-889cde41a2d5	0	323
240d1688-5cf8-4b22-85e6-adcee26da970	0	42
2470175d-460e-4d55-8fad-aa5d2f3f4f9c	0	204
24d318bc-f9df-40f1-9926-6e7ede09fb29	0	194
24dc43cc-c7d1-418b-aeba-7805e02b4fa1	1	756
24ed5b09-02b1-47fe-bd83-6fa5270039b0	4	39701
250b7089-69e4-43b2-bae3-a83d9f6d71bb	4	35412
251541e9-4212-4350-99f0-d347a055cda6	3	5015
251cdaf8-3844-471f-9607-a50f3c847cc0	3	3598
255b1258-9998-4040-8662-528902b5e639	1	560
2562d27a-a14f-436d-873e-709ed895eff8	1	1038
25635980-1c4f-4732-a223-0f692578a162	1	772
256e0b36-88cb-453a-9ce4-7b73cb6b882f	2	1742
257333ff-0ab4-4c24-85ec-7234ace06428	3	3922
259ae350-462f-4779-a45c-a6f3472878f5	1	683
259fdccb-4a42-4a0c-befd-e41a07566ecf	2	1905
25a7bad5-dc39-446f-ad04-ea9b6dc5fe32	0	219
25baa112-e3fa-405b-a7cd-2d68769157a2	2	1887
25c73c37-9517-4144-8ef6-32541e82ff42	1	1188
25cf214c-0fb4-45e7-b58b-bf975d2a3eef	2	2063
25d804a4-4990-43af-97ea-cd17456183d2	0	294
25e31cfa-2cca-439c-95d8-ff62809c1de5	2	3005
25e4e347-022f-41bf-a437-529b2267f9dc	2	2689
2600d064-93a9-44d9-9822-1e731584e927	2	1895
263d7bc1-815a-4c36-979d-59089f07d3df	3	3802
265333b7-ad24-4a9c-82f9-a170cf6a2e0c	1	726
26561ab9-700f-4082-aa8f-b008570c86b4	0	249
266bfe04-2ef2-47e9-bcf5-fde2c7d062c9	1	825
266f5184-d8ab-40c3-9af2-b0c615b37b53	4	12738
26822e77-5be2-47c7-9a95-6dd389d7b83c	2	1605
26b0abc1-de52-4fff-be6e-4620f9d9f2fe	0	299
26b2fc3e-9b9d-4a1b-9cf6-059915810ffd	4	13991
26c05b55-fbb3-4edf-8999-08bfda6992e2	1	1273
272241d9-95de-464d-a3d0-e43fa568f43c	4	24394
27772d1a-e1aa-4bc2-83fe-5000c9020e1a	3	7519
278ee887-eea4-432c-81c7-f0fa8790d5fb	3	3599
279abdad-98c0-486d-ae60-2ca01c497214	1	730
279e01bb-dc46-42c6-bfba-dc54f4f782af	2	2047
27b988e5-dfc2-4d92-ba93-c8ec87639b82	1	1056
27c1daa6-3bd0-4460-9a1a-ed5927d311eb	0	52
27c9e2d8-084b-4af5-a8eb-815b4f204116	2	3022
27ceeefc-d124-434a-963f-516e60ae0ab3	1	729
27d2b5e9-9aed-4e7e-88fb-72dd060a44c3	2	2029
27dedd67-b819-4040-b972-24ebf5dca374	4	12579
27e8d6b4-2090-4930-a7f3-cfe14e21a2f5	2	2507
27f6e33a-1c1a-4c26-b362-1f9bc36c8acd	3	4816
280e4d8f-4ed1-43ae-8927-cd040ad58655	3	5076
281d60f7-1df0-4601-b109-9effe046a86f	3	7732
28240f99-fcce-4577-8e2a-966000957603	0	422
2841a612-31a6-4d20-994d-406dcf6db9e7	3	6713
284ef163-607b-4329-b0da-775cc6c4d065	2	1484
28631c46-fd91-4bf4-a615-42a3b17db566	0	6
287739aa-2e3f-4883-b884-f9ab85b5f002	3	5080
28c4b85c-113b-4871-95ad-52ebc9704bd0	2	2004
28e556c7-76c0-48da-bc67-4fe2e9791a84	2	2018
28fd67e8-573c-4cdd-a37d-8b74af74109c	4	19655
28fe71ae-5048-4a00-b673-3fd055863648	2	2242
290efb97-15a8-4abe-a273-4ed8b815f106	4	12883
295f5eb3-5e18-4211-b4a8-1f08dbf32e5a	0	157
2986e6c1-ec5f-4d3a-b394-94f7e9a07b57	2	2382
298f4089-1948-44b5-b5e8-d5381f42362f	4	12254
299bbe8c-3e93-413f-b528-466394c4d799	1	594
29b0a6c7-ab3a-4bf3-a64f-63c8a3548196	4	36827
29b5e2d7-3800-40aa-bf7c-3cdc481ee25a	1	744
29c28ac3-27c5-4822-8eb6-0af89a3a7240	4	75115
29c2b372-b02c-4bb9-b0a7-5741f0b48b3b	0	517
29c8775b-49a7-4c5a-af85-478ff25a56bb	1	1306
29d150f0-1ced-47b4-b3ed-282c6e81a6f2	0	443
29e8de9b-4ff8-4ea0-8db9-2fa1ba658ef9	3	5944
29ffd4cf-2e98-4a98-91f7-913a8456bea2	0	233
2a1a36b0-d465-4941-9658-2c67cdfb9bba	4	16105
2a2fcfc5-0edf-4fa7-a79d-dbf4367b44b3	1	761
2a44bd54-1514-4471-874d-7472d65b4bc4	0	129
2a600df4-3355-454a-92ee-87ebe2de2391	1	1188
2a818e9d-5a8b-431a-bbca-14d40226811f	2	2206
2a81f398-647b-4580-b24c-d78b3103a27b	4	51933
2aeda07b-7032-4beb-8159-b966a68f7b87	1	909
2b4d51aa-5c71-4817-a341-9cebd648552d	1	563
2b510a30-f989-411b-bb23-b3c42ae3e522	4	15222
2b85c22b-314a-42e4-be9c-19067e8d42e2	1	959
2b90848d-4969-4dd0-8664-13925c8697c3	2	3192
2b983abf-ef53-483e-a5f0-356e745008bd	2	2498
2baebe37-a98c-413e-bfd4-3b22029b4e39	0	332
2bba63bc-bfbe-496c-a201-2287a6681318	1	916
2bf3971e-8595-4bd2-aace-8a71c42afb66	4	27867
2c0b26e4-6152-4ccf-8668-c8be06402a44	2	1613
2c16cb3f-e85f-4158-889f-ffc038f5792d	4	36223
2c70df73-bc9a-4abe-a5b5-220775538bca	0	224
2c948044-de63-401a-8671-1600ed0f69bd	2	2607
2c98ca27-6cfc-40a9-bb7d-4b61781776a2	2	2717
2cbd0554-99bf-4a1b-99bf-d11b3c58a50b	3	7553
2cc09627-ac51-46e1-bc1f-92e49ace09d5	1	817
2cc8fd8a-4c22-4905-8a8f-86f076d50497	2	2013
2ce06d80-6b94-4e8d-853b-0a308c83ee5b	3	6225
2ce4f102-23e6-42c4-84a2-3c13d24e1b66	2	2476
2cffc628-63df-4e04-81ad-b1b0bee6d79c	0	519
2d196645-cab3-430e-88f6-bd57d95940ea	3	7295
2d19bb6c-bfd9-4a8b-a11e-45975c5ce984	3	4735
2d1d826a-a42f-4946-a454-3f891893eec3	3	8750
2d29c17a-721f-4f25-b83b-bf48e3e91b9a	1	1072
2d2f1395-d14f-4b52-88bb-1775a4b00ee5	1	889
2d3fce56-b69f-4385-a2e4-0a70fbf5f2ee	4	11336
2d575aad-9f5e-41d7-89c1-94f4d33aec4a	1	1288
2d680980-af56-43da-8c9a-c06c9767c778	1	1161
2db8f066-d4c8-4eb3-91b3-7129c15c1596	2	2646
2dbc4ab5-45b5-450c-a85f-4e3a83204b1c	0	451
2dcd684b-6bd8-4d85-942f-7056a77a3ca1	2	3140
2dde262d-7614-4168-81d5-59797cd7db2e	0	415
2e04cc8e-8c0c-4328-a83c-e23642b9972d	0	103
2e0fffcf-0ed2-4661-9c38-f67be9cca9b0	4	18687
2e10fd99-33fd-4463-a141-5f7b816a761f	1	1404
2e163c26-16c6-4d97-aa76-eb5d99b0770f	1	628
2e22491b-06b8-4715-a497-69743ad1232e	2	3508
2e418172-bd02-457e-9ece-922dc986b327	1	1093
2e87e159-dc3f-4111-8b30-5fbccc673d8b	3	3765
2e8a60d2-c706-4aa7-adb0-304f6950cb55	0	520
2e95c700-0e9c-4fc9-9828-ddaebba37632	2	1486
2e9c624b-f2d6-456d-9778-8d0b004b8ffa	3	8113
2eabaae4-ab68-4d60-bdc2-a2d1d2abc092	3	6805
2ead44c4-78d9-4bcc-8f5a-74b2b382a530	3	4204
2ed8fc5c-a7a0-4d20-b222-d7d5f52dab44	2	2525
2eea1e87-ad45-49f7-8de7-a55f02f6db67	1	1282
2ef10f68-c2d4-4eda-a0aa-962f1dcdfd31	4	27900
2f490e88-b4c9-43eb-bd47-b3fb70b2d1d7	3	6050
2f64a77c-ec15-46dd-82e6-ecd92ad17a9f	0	433
2f75ab54-9326-4e4b-835c-db38fe0de988	3	3588
2f79cdf3-2b4f-4ec0-ae6b-81b910787555	1	1458
2f85e06e-4781-4c1a-87bc-c62e8027962d	0	83
2f911bc5-8619-40c9-ae9a-9c6250ba5b25	4	35470
2fa0d3ac-b64c-401a-b0a1-4915ba6cc157	4	167291
2fb8d4b0-6e8c-4a7e-93cd-ee54b55e394b	2	2075
2fb99ff4-0fc2-48ea-99ed-19c67409132f	1	1180
2fc3ea08-24ff-401a-aade-48f247769319	1	1320
2fd7d9cd-b95c-4b69-8394-c614759f7e0d	1	729
2fdc614a-ba8e-45c8-8cce-6dfd3ec864e8	1	941
3009bda7-2fe6-4a68-ad89-fb24e88c2ff6	3	3916
3014115e-23d7-4529-9d4d-e1e0948d12b0	3	3822
3014ba57-e0da-4493-8fc3-3db47f0d2168	0	312
30312e56-2ec9-43f1-9378-882ada0cb542	4	30126
3064feec-8fbe-4d8e-b062-988fc95b6faf	0	337
306afbfd-ce72-464a-b68d-87ada881ea3c	0	170
30792486-de7c-458a-873c-ca6931540a70	3	6077
309c5961-9b5f-46d6-8190-50b0b311598c	2	2038
309ee6c2-591c-471b-869c-2446246575f4	0	246
309fd157-119a-4094-85d1-cbacbfad9622	1	852
30bafc6a-a9d9-4c7d-b781-717bc2e5fed0	0	180
30c4f946-bceb-44ad-bbb2-4cc98f9c3aaf	3	3874
30f3486e-1def-4fc4-b47b-5283eca9295f	4	64553
311e7afe-e0e3-476a-a703-fcd61dc049ac	3	6474
312183e0-64ff-48df-a9f4-0804ca23a7d3	4	35702
31687c43-f627-46f5-bb90-2df3addd3630	2	1527
3184439c-4d26-4da7-a938-b76656eafc10	1	918
318b3819-a869-4226-aa6c-fbaa85929921	1	596
319325d7-2bda-4e57-8d0b-b6211b30dd7d	3	7488
31a452da-b6eb-409a-b26e-bfd3106d2860	3	6773
31c76e9b-27e7-4b03-bb73-45bf12893800	2	1927
31daddfd-64b8-47ca-94a8-333db0dcdf95	0	455
31e71156-c689-495b-b1d6-ff8ab81e1299	3	6081
31f69e89-6353-460c-8a9c-fece60c2a43a	2	3050
31f7decf-2448-43f4-b792-3dfb8ea1d030	2	1683
32115022-aacb-4beb-be10-355f0d938f5d	0	262
32286190-da0f-4a85-b3d6-09a84d7e2bbc	4	12394
3231d12a-c42d-4977-b2a4-a6e4d87978e1	4	75945
32372bc5-cce2-45c1-807a-288fd850bbcd	3	4181
3237b5a8-ae44-400c-aa6d-cea51f0b9074	2	3350
323c9a5b-ca01-49ad-be39-046223a0c9ae	4	21905
32673e42-5ba2-4528-b3fe-a000a0c606e3	4	37636
3292f991-3b65-44e5-9ca4-3ca289b6c86f	1	850
329fd7ae-7db7-4cf3-bb6e-5e99478e13a2	1	596
32b6ab3b-0c65-4e7b-a185-942509ac3718	0	216
32b90c92-9978-4a07-90eb-caa4b22f4907	4	175649
32bbcbdd-3e17-4718-8935-12cc9c768909	3	4739
32e5059e-5afc-4679-b8e4-d1e2a10c61d3	1	586
331244a2-dc6e-4570-8575-919f1c951bfe	1	587
3323f0ca-dd99-45a8-9696-971c4c27806a	4	17074
332fc353-8113-4a55-8534-e5980fbfe27f	2	1887
3347890f-630e-43b9-85aa-516d964b7c4f	0	68
334c33bb-18d3-4c34-a9e9-00f7000c59b3	1	886
3360be2e-daab-4b6c-bb32-938964a86dce	0	161
33664212-3142-4e82-9efb-027ab3428f0d	1	713
336dfcad-2587-4f5d-9338-3a445282364f	4	38445
337344fc-cdeb-48ac-ba74-d53ffec04c8e	1	1084
337d442a-5cc6-45f7-8ea0-1bbfbad60300	1	687
33b3c323-77c2-417c-a5b4-af7e6a111cc9	4	259126
33b7e6a0-cc91-44fd-9b81-a092070690b5	2	1703
33d1d29a-ab86-4da4-ba17-05023b157761	3	3860
33d700ce-064f-44f6-ab9e-60f9eed0fca1	4	31431
33db34de-5419-4d4c-a45b-3dfd6b7d8a72	3	5110
33e50556-d4be-421b-a5d1-644bd536ec07	3	4016
33f3276d-4d1a-46b1-9949-bbacfee41651	1	1050
33f8d69f-5a01-4c44-a4ad-531b9c1f0d00	3	8078
3401a281-56b3-49b9-a857-a04f71c20c95	2	1818
3413b616-256d-4d5e-93b5-07b75d7fe69f	0	470
34197023-e96c-4607-aa7b-903a0ec877df	1	1320
341e61ab-c0f1-4397-bfef-3674a922816a	4	23059
343ce4fa-54b3-47b8-bd27-b379cf50f7ff	4	26460
3446c6e8-b86c-4471-a18b-ed3e6653086f	4	11267
34603fb6-bacc-4f53-9b70-7a5ccc9aa452	2	2711
34a05541-7ab0-4ca7-8b3c-8c3efafa7cb3	2	2787
34b69232-264f-419d-ad62-47d362e2c308	4	16444
34c05add-ea89-4fdc-8f81-eae6ea08fc30	2	1770
34cc6e1a-6148-4e6d-b7ed-f76ef896ec11	2	1721
3570d708-2941-44a4-aa36-69cffd620125	1	613
35869b5a-9924-48fb-83e0-ec3610c09515	1	674
358df796-546f-4b3b-bd0f-238ace09e02b	4	14803
358df878-af4e-4122-a420-80c158f756ce	1	682
35a0344e-f843-44ba-a16a-0a52bc347c85	3	8607
35fc0f9e-8a13-4392-9c18-63c048995d4c	0	42
366b5da8-4b9e-4753-9a4f-437488feb860	3	7565
367a400a-ae44-4917-9756-d4912013bfd7	4	22735
36d93db6-17b1-4209-976c-ef7f1c57d69d	1	705
36eae729-eb71-4ab0-82f8-9bef3255d881	4	59475
36ef9b72-0346-4238-9335-25c55f3d2ad3	1	1063
37159fad-1de8-452d-b6e8-153b5c836f68	1	864
371e500a-4ef4-4c52-a229-aeced6b211e0	2	2123
3725ed60-0cee-4da0-b4c9-a9bd145d3d50	3	4044
37547347-ea75-45fa-9766-ff36b44d8147	3	6625
375a3c4c-7898-47f0-ad0e-443a75148c7a	4	11759
3762cf03-0992-4d9b-a50e-8ae2e1cc5522	3	6743
37868418-e2f2-4a1b-9517-165abac8b02b	3	8240
3798b104-01cb-484c-a3b0-56adc6399b80	4	303946
37b71e3d-70a2-419c-8248-864b1be7251f	4	35062
37c56725-6c31-4119-bb63-e133f56bda2b	1	1367
37ca23ff-2be7-4f9c-a70d-57af4229b9dc	0	130
37d47455-9c50-4779-81dc-6b37976d02a2	1	740
37fc19c2-055d-4e3b-97b8-ae130a49566e	2	2712
380429da-3827-43fd-9e67-558e4c6a91bf	3	4570
381178df-339f-447a-a68b-e4ef306b3da1	4	17567
3819c0e6-19d8-4c8d-839f-c87278b059ad	1	528
3820290a-5eb7-4d30-abaf-6c95e2881ec5	1	801
3826a6e0-9ea5-4007-941c-25b9dd943981	4	12199
38284e06-c741-40c4-b247-f7dc0de5f24c	3	4883
3863771d-f4de-4ce4-94af-41af4f00a93b	1	529
38931c3d-5e87-461b-8982-84428d8a5a5d	3	7643
38b566b6-d675-442d-a5b5-0cdd8216dcaa	3	5000
38bbbd07-9d89-4ff1-9a4e-28e48f57d63a	4	43188
38bf4549-8406-43a8-b90b-c9adf916625a	1	1268
38e4b859-56b2-423e-847b-f38657129be1	0	380
38e9a707-f711-4fd2-9fb0-07c8f3142059	0	378
38f8d135-35b4-4e6c-a83b-ba838bb7bd92	2	3263
39047381-8e47-48b8-9e42-511dd032b4d8	1	1195
3929b9a3-c550-48ce-aa91-f28d445eeb77	1	1006
392e5b1c-8326-439a-bc9c-bf0fdec6b445	2	1856
39801ecc-1f82-4907-80ac-917350ed188e	2	2451
399879c0-bab1-4eaf-9541-24101e88398a	0	192
39af30fc-b2d3-4ef4-b242-4413e9cf3c82	0	307
39ba13b9-5534-4c2a-9aac-27d72bcaf22e	4	34405
39bd0ad3-f5a7-4be8-9df5-537e8746886b	0	495
39c1e474-647e-42ef-a157-fcfb30c2c2ff	3	8824
39d0bbaa-ce24-4b9b-b8bb-33384d3228f1	1	1223
39d407ce-663d-41d0-aafe-e36f7c7b6431	2	2669
39f32228-c3e5-4645-8b43-95b4286d7ca1	0	269
3a07764c-7cc5-42e9-8205-3de7532f4771	4	86185
3a0b3e78-1af8-43ec-9949-566e87d6dd84	0	146
3a1af544-1017-44bb-bdd7-90ae18278d4a	0	383
3a768dc7-40d3-4c91-9d3e-2eabb12e5620	4	14036
3a9ee567-e2a5-4c20-b0bb-fe7f47603d52	2	2236
3ac646f6-2057-485c-bf7e-205887c81426	4	10813
3ad91c4e-ef5a-4d7c-99e7-21a8b0c9379d	2	2152
3ae4a23a-80a2-408f-9079-d6571c2525ae	4	13179
3ae83bbf-7f17-484b-8b8a-b0ce8a609c8b	1	864
3b14b1a7-2235-4fcf-a718-383beb79e856	4	24070
3b45a36d-b072-46af-9ed4-c9539fa5bbca	2	2006
3b4778b1-1051-4e8d-bff7-2e67e8f6f9d6	2	3048
3b52b915-017f-44ec-ad0e-feffc9157b3a	0	458
3b6243aa-3814-49a0-8505-4bd6d6183d46	3	9404
3b910f7b-018f-408f-950b-47e02d2ce305	3	4525
3b972356-4410-4858-ab9c-6e3c3cf76609	4	11753
3ba72992-4665-458f-a52a-b4939360f9e1	3	8227
3ba74887-6617-4fe3-8e14-eeb5ef0e7c83	0	519
3bab2208-dcba-4811-8829-2374a617752c	0	433
3bb7845a-bc8a-4ac6-bc31-32046b604e47	2	2395
3bcfeb7b-45b4-4976-83ff-61c32c58548c	0	142
3bd76ebe-c7dc-47bd-a8af-9e46d2a4f782	4	72427
3bdcd49d-212e-4f4f-877a-eac1e4a2bddc	4	53757
3c0f9f4a-6ae8-475f-9480-a3aeade6e1e1	1	586
3c12b6ba-ccc9-4c12-aecd-0334716e1ec7	2	2284
3c1b6453-a4a0-4801-9e33-af590e33b875	1	863
3c2e2afb-b7e4-4b0f-8a0c-080808c935d3	4	16305
3c3c397e-347a-4734-91c4-0af01bb27882	0	496
3c3f2d7e-95aa-4e3f-b431-0d9c3fb572cb	2	2946
3c51bf31-68d4-407d-a8bc-348462341d9d	1	1307
3c651564-eb88-48e0-a862-d6db17e8464a	4	33972
3c9b2a67-8d3c-4b2a-8af7-ebd5c30e5e1b	3	5175
3c9e1220-e9b2-45d0-9f8c-8b0a81a27bab	3	4453
3cae6a82-7451-4673-a924-875d27e3c09d	3	6850
3caf69c1-fdd8-44bc-b0a5-8af3ad8a47cd	4	24671
3cc1318b-fdec-4320-b93c-94dee9a6c971	0	363
3ccbbf11-df78-4486-9969-e23239a614ca	1	895
3cfbe5fb-c638-40dc-b8d8-bb5e5c9c4a1e	2	1939
3d133197-7e75-4775-8eb2-73a8ded3cb66	0	231
3d191c12-be64-4f90-94d8-ac324b2b3544	4	69059
3d2bdb71-0816-42a7-9448-4a78b9b7af77	2	2422
3d368735-3a3a-411b-a60e-af195b401491	0	489
3d7b2f63-31a4-434b-91c7-58f6231bd9ad	4	26840
3d907eb6-c92e-470a-9dcb-7ab1224894cd	1	1179
3dcdf085-e91e-4103-bde0-46b78509e9b1	1	1439
3dce6ecf-f2c0-48b1-9d0a-0e78ff372962	0	55
3dd434ab-8aa5-43dc-88b5-615257cbf51d	3	8349
3de05898-e662-4b53-8c69-28bda89ad6fe	2	3419
3e00927c-7101-4539-9951-eaaf346a33e3	3	8030
3e0221ff-c569-4e77-9c8b-d31fd7614e16	0	139
3e03c8a1-2173-45f4-90eb-8ebceedeb6fc	3	3906
3e0a5471-46af-4c01-bb2e-11b24c1b55fe	0	491
3e0d6e48-2597-4374-a73f-6c88b37bb502	0	351
3e0e78e8-cf0c-46e3-84fe-555a3e8ad4d4	4	49914
3e1427ac-ca42-4bb9-a103-56cc00d48a10	0	90
3e149ad9-5a66-48de-a4b3-45ddd3be2da1	2	1789
3e33b91c-381e-4d21-ab2e-d4086f124cb1	3	5972
3e356f2a-3501-4e68-8eff-f77d582c066a	4	15736
3e41211e-dc86-4d38-b3be-c75a0c522ffb	2	3564
3e783693-5899-4ce5-a797-57354e9ab48e	0	490
3e8b6fc8-5fdd-45d4-afda-88717efd80d2	4	11982
3e95edd2-5af6-47d4-aac4-c27e58fb08f8	4	12634
3eab4de9-a578-4327-8909-f90ffc1b8ae5	4	19948
3eaf26fa-7503-46e9-aeb0-63385598e1aa	0	451
3ec5d50a-fba4-4eda-8332-6b962540a245	2	2394
3ec9b73e-a064-405e-a84b-0448a67dee4a	2	2756
3ed4a50d-2be5-4fc9-9798-9009496e324d	0	490
3ed7a90e-0dfa-4273-9291-f8efa2d25edb	0	365
3ee0cf8e-ed2e-4498-8ed1-53823dacb768	0	110
3eece87b-4e2f-4774-91cd-a7ed5fb0510e	4	17117
3f0ca327-69b4-4018-acda-ad1e22d43bb7	4	18702
3f2acb91-4593-4cc8-afea-582006f4ce98	0	53
3f2ff244-ec9a-4466-bab2-ffabf7202987	1	579
3f3032ef-8f91-4675-b728-d9746109ae03	2	2247
3f5999c4-6647-45a1-90d6-857c667ca80b	1	1404
3f5a9d5c-f437-43f9-aaff-c87ba5bf5ac2	3	5593
3f658e7f-4f44-4493-942c-ede5033bc6f7	3	5170
3f6ee55e-d523-4dd8-a027-7a6af9909ae1	3	7827
3f7327fe-9562-4241-bf95-59ddb503df96	0	244
3f7a73e5-cb7f-4488-bd7e-f5e26c87fe1b	3	3888
3fa354b6-aaba-4bb7-99ca-78a843047b4f	4	26298
3fab0883-3a34-4e68-9d44-fe7ab789e396	3	4405
3fabe4ca-aec4-4e46-86c1-08bde01e300d	0	87
3fbcd2d3-3d78-470f-9e47-8f4d66da2474	4	42787
3ff8a080-62f5-428a-87ea-253e5fbda24d	1	1341
40051770-9f53-485a-b794-0a1d56c42e7d	3	8570
401c3991-b76b-499d-8082-9f2df958ef78	4	192975
4020ea18-d886-483c-910f-a0e7e039c097	1	795
402264b1-972e-4196-ae86-e53be140620c	0	451
404670b2-bb19-4be8-862b-fe465a6e2a79	0	464
404873ba-b673-482d-b10d-23c66e723ff7	4	11403
40575803-de3a-4de4-9e40-7e98746aa675	2	3516
4072e225-336f-49f9-bac1-c94be913cb65	2	2313
407d7ae0-c297-491c-bd19-4185e2b12ef2	4	21655
40a10c54-06a1-46ad-9161-53e989c4ca95	4	20859
40cf4a0a-e38c-4dbd-b2ed-1948e7bfb16e	3	3949
40e5f959-3d95-4b3c-a994-995d36805533	0	276
410a3ac6-cad1-436b-a5f1-381158549412	0	264
412ad426-3a57-41aa-8f81-a94380182833	1	1284
4133ef45-3c1b-49da-b886-a07300fa4da5	3	7545
41414d9d-fe62-474f-b856-5289d901f758	1	678
4156b165-06a4-4995-a66f-e1bb781b9bc1	0	241
4159ac30-ecce-43a6-b200-b48801968e30	4	20361
41658442-c633-4be9-9c35-9871f2c60081	1	1391
41aa2734-ec86-4197-a074-d44886e7da8d	4	92684
41b2f0f1-9142-49e9-a830-5291fe1a7b93	4	23626
41de9604-10b0-40e9-9d12-a70a4f9050b7	4	10753
41f1960d-be42-4ca0-8599-8d0fb77ae6d4	3	6730
41f4d85a-0bd7-4602-a3e3-8c47f36efb0a	4	63887
41f78e1f-84d9-4e95-bf62-3f203ab4b245	1	1192
42004a2e-4066-4556-ba62-f88b9753f93d	1	1350
4204e06b-d2e4-4823-b6f3-47f7593518cb	3	9735
4206ab14-efe3-4295-ae7b-fdba50a21ca9	0	91
420c6768-0885-415a-bb59-d6a275121125	4	56117
422318a0-9769-441e-9edb-bf29845adb9a	3	4175
422bc4fc-0df9-4cd6-8f01-606a8d0193fa	2	3207
42321e24-42b6-4f08-b0d9-8325ee887a20	4	13254
42343a91-da25-4fb3-aac7-bc297956c79c	1	1366
424725d2-016f-4a2e-9160-0e4c117e17ad	1	558
4261ed8c-8053-4fd8-9c3d-22b915ea71c0	3	7629
428993f8-d31d-4374-afec-ccf92f971f4d	2	2485
429ea265-e9d0-40fc-b193-e1e4b6b7fbdf	2	2464
42c5e9b5-5cff-41fc-aca7-fb0bcf555bc7	3	3716
42e22028-a629-418e-a0ee-014886149972	3	5321
433c8ebc-c866-493f-8196-184cc4e6254f	4	10455
433d544f-d6c6-4c79-aefd-6f4c7918e5fe	4	13895
4351469c-d3d4-4071-a9b6-8df857a7802d	1	1246
43650e15-b88b-40bd-b45a-e617d45f11be	0	46
436eb956-2a52-4bdf-aa79-4d73d952b2da	2	2493
4388976f-9e02-42d9-b66f-1b9e124e3ca6	3	7189
4389f1a5-e195-4991-9111-774e5ecf7241	2	2591
43befe11-eb21-450b-b925-a053f6a3204c	2	3320
43f3ddb8-63e0-4910-8b4e-c76db775cf37	2	1471
44020008-378f-4c22-b4e0-073b75316504	0	422
441111d5-fa9f-4f08-bb03-60a081394487	4	11895
44119570-4d53-46e7-a447-bd18608c28d8	4	86735
442d21f4-0e17-42a3-9391-fff4ad40dd45	4	29678
4430e7d6-17ea-40a3-a7ed-74668dd7d565	2	3065
445db9b2-31a9-428c-91e9-f1c275ffdd77	0	225
445ed27e-e370-4bd9-9170-e1a43850b7b8	1	961
445f9517-6aea-41b1-a565-5d23b013e122	3	9292
449f2b9b-f54f-47c9-89fa-9016fba63e24	1	791
44a3cdbe-449b-44c0-80a9-554db141478f	0	404
44bd69fa-8f90-407e-b8b6-019d65b62406	1	1091
44e14e88-b17a-44d8-9e94-f3afa977239b	4	72877
4512772f-b72b-4275-98cf-e1d242d75502	3	7074
4515dd40-bef5-4a0b-b41e-b315ab16f770	1	601
4573d556-ce21-4d49-943d-4f1dde6198f6	3	7987
4587007f-a08f-4bbb-9a4b-3dd18eaa81dd	3	3726
45924c3f-d7a7-446b-b212-bd075e1b855d	4	12618
45af34ac-5b0c-43d0-afb2-453143cddeff	0	390
45bc13f9-4228-46e5-9571-bbf8efdd9d12	0	412
45c6b878-48c5-48cf-ad48-4a7cf5a10787	4	9877
45cc86b1-d09f-42ea-aab3-a30cfd0683b3	3	3608
45cec9ae-daed-4832-a3c1-269a44158d9c	2	1837
45cf80e0-5f6a-4296-b372-68fe084c7b96	2	1602
45d29fa5-6e8e-4e40-a519-2217f332bcac	4	15822
45fdf967-5a18-417a-be32-7dda5c0ebbb0	3	6307
4603ee86-4f73-471e-8fc7-4a26549ed119	4	38367
461b7812-cc9c-4e30-ab22-1b42bdba15fd	4	16681
462ca3ff-c022-4694-ab14-5167c94a4e1e	1	715
463d4be0-2828-499f-be4c-6fba77e5d84a	3	6744
46541c29-e1d4-4015-91e8-6ca7b5e6fb9b	4	15336
4694e9a3-bc35-4a5c-be15-0fa6ba9abd70	2	2511
46a5e33c-7a72-485f-b3eb-8f09fc54fe2f	3	4220
46f4e349-ddec-4131-9367-91b630a821d0	4	119880
46f6013f-35b8-4df0-9449-abe41dc859b5	2	3572
47154d0f-f31f-41e7-8734-30fe075f7957	0	457
471a0c3a-055c-46c0-ade0-81a1372e806e	0	209
47652434-155e-4f09-9c99-3d871d6e6053	3	5848
478de8cf-c188-4f50-9340-1b01ceb4854a	1	969
47a40555-4df7-41f5-a4a5-6033b198a3e3	3	5623
47a9a488-a721-4d0e-88bc-2452701fb9c9	3	6884
47b4b80b-0cfd-4dfa-98bb-4ca24ba2b418	2	3055
47bc8f21-57c5-4de4-8a19-b9bdcc4bc62c	3	7852
47db4d10-b7b8-42ff-ac75-2ebd3d4be960	0	83
47eb49b7-8064-4f07-9e62-b595da007319	2	1786
480d3ce4-2b8c-4be2-acc2-febc5f3e1552	2	2138
481cc531-098f-40ed-8d78-c3310e60b2be	1	1250
485eb5e4-5da6-4097-b88d-06686c218fab	0	118
486668e1-460e-43e1-9904-7e1b011328bc	2	1750
487a9670-27f2-48d3-88a2-84fc9abd26be	2	2773
48a42902-e7fe-4a61-90b8-14e7419fc651	3	4080
48b48175-5ffd-49a2-88e2-ca84118544ca	4	48390
48b82408-3db2-4a96-bd97-129fbdeddfc4	3	4902
48ca04d7-af6e-44b6-9025-3d43a83c5651	0	53
48da3588-8dba-434c-ac4a-6251007ed415	2	2198
48e18c9b-371f-42e6-878d-633e25fa01fd	3	6550
4902b09a-8fd8-4413-941d-a5c9247aaa5b	2	2724
4916c003-01fe-4e74-bffd-c6488e6d6e1a	2	1768
494ec056-1347-4720-bae2-b33ff0d1809c	4	11790
4962e3b4-a49a-4157-b71d-b293d90518e5	0	169
496c89e0-ee01-4283-b1c7-aa6d889be649	2	3519
497a9f4b-938a-451e-b92a-f2992635dad5	4	12266
499b9f83-0258-4254-8c8c-a304ad70c4c6	3	3699
49c2fb4d-5bb4-4b88-834e-79431dcfab08	2	2053
49caabdf-1595-4f88-aef2-b125ba39b1ef	2	1982
49d47930-aaba-4caf-8a80-31be20d0e8f6	2	1564
49ea914d-11df-4515-9d08-7f72a9bf0219	2	1612
49f53a70-3dd6-4c48-93c9-f1c313b0254e	2	2039
4a1560cf-67e4-44f7-b99a-fcf84defc831	1	772
4a1f7fe0-e509-4c4a-9fa1-9cf6c3ca891c	4	24880
4a4ec460-5520-4f2b-b12a-4ced602ca1a5	3	7561
4a5ae63c-d6c1-4c5b-8ffa-a91b0e11482f	3	6118
4a68eea6-7464-467b-a0cd-69dbdb60a2a9	3	5182
4a76400d-283f-492e-9754-18ef41755f81	4	111428
4a7e6e5a-ba5a-46eb-8155-7e1a79ae675f	0	330
4a8a2e6c-8a9d-4545-8d8e-6ae4ed516b23	0	458
4ab95ddd-1201-4f78-8f4c-b32e83dd1a21	3	6994
4ae04ae2-4509-4a37-b486-1570a6dd17a4	3	5211
4aefeb56-c177-4dd4-85ff-8a21f13148f0	0	190
4b030116-c96d-4947-be0f-9565b4cc02ec	4	25639
4b14029d-5b25-48c3-8052-4bceb60aff2b	0	418
4b29079c-5e9c-4923-ae58-f99070440ab1	2	2329
4b3332af-5586-40fa-8ee0-8877c093ef64	0	113
4b33cf77-1ced-42e2-955c-ace858710b69	3	5544
4b6c98a5-3708-4bcd-8b05-a7bc7ac582af	4	12645
4b86ba3d-5e0d-4d5e-a05e-59cee8ca1843	0	403
4b9ad404-0956-4d82-8338-621078b72094	2	2927
4ba1219a-261b-4611-8d22-19416121e187	2	1874
4bbcd67e-c6f5-43f3-ac66-9ffa8552d9f2	2	3444
4bbdec5c-bc95-474a-be95-76377d9bf42b	2	3487
4bcefd03-3c0e-4de1-836b-62dce5e718ab	0	105
4bdfea80-6a22-4021-91dc-f2e8a54e3ba0	2	2018
4be50b22-988c-4b87-9191-44605190b562	4	9782
4c109c3c-41bc-42e9-b9ec-82b2bb3e6670	2	2984
4c12fef0-1cf3-4ef4-8622-935faa48d496	1	1008
4c13a21f-296a-4a6b-bad1-619f3b7127e6	2	2753
4c18be5e-2e53-41a4-a4a1-d9080ff88f8c	1	1308
4c3491a3-4cda-46d4-9592-c783616c9a98	1	777
4cb43d82-824e-4034-b03d-1a98f36f6e16	3	3910
4cc89d06-0fc4-4d01-9cff-aa0fc4878779	0	76
4d063bec-df79-4ee9-a601-fa9a6856b3cb	3	6766
4d5df8b6-98ab-4787-ba25-dbee26141082	1	846
4d688d75-12e3-481d-bd0d-e4b0cf6cd719	2	3439
4d6ad145-4564-4f87-8f76-3ed0f532adbb	0	237
4d8ced98-e0a9-4a07-bd89-90a08bc18f26	1	601
4d9c3ade-ba9a-47ad-80bd-9f9e84b4abe1	4	10314
4da8561a-caa9-4b58-a35a-c35a3a22cfa5	3	3992
4da8a075-9db8-422e-a154-57386c572d88	3	3693
4db4fd7f-eef2-413f-9a06-2b6b5f096c47	0	403
4e0a7e0d-bd05-4210-a654-72c4d437fda5	2	2013
4e170214-7376-47a2-b102-9c825822319b	2	1489
4e2a0ef9-1f73-46b6-9f1b-4634bc1cc4e3	1	694
4e322ccb-4f73-4e1b-a4ef-f0fcfcfebece	4	11560
4e34fbbe-2723-4d0d-98f4-83dc5d1152fc	1	778
4e4511f6-4f1a-44b9-9ec1-33f0f11c0b39	0	147
4e5017d4-874d-48ee-84f0-d535d17a010f	1	1334
4e507154-4110-42f7-ba80-09fb4871aceb	3	5621
4e513236-edbe-4d9f-a38f-b698e5e34d55	3	6021
4e525f48-6ebf-45fe-8d57-3fd730970725	0	313
4e7f9845-d23e-4269-8658-e34ee78e676b	3	5982
4ea1a278-9c33-4f6a-b4d4-29b47275f8cc	0	325
4ea6edfb-93b4-4552-82e9-1d8fafc93b9b	3	4878
4eb4c1b8-0b3f-4757-b56b-116c1c3b24dd	1	1008
4ecb6bfa-364c-433e-9b23-fb3c5611713f	1	554
4ecf50fc-b788-4d67-9972-ff6e1aed5295	3	4197
4ede1b35-7ef0-4afd-b289-05ba1d04e859	0	517
4f19d476-983b-45ee-9213-b56bd0cf44e4	3	9652
4f3b9a0e-fd13-453b-a5e7-8dc43ad8d795	2	2378
4f6c1396-d0aa-45cc-b841-b606109d0cf5	0	172
4fa67257-a6b5-43c2-9380-ef9c63ebeada	4	17529
4fabb4a9-18c1-45ca-98cd-e2511b0d8edd	1	818
4fe7bf12-00d0-4388-90b9-53b8e9f01f3c	3	9399
4fe8cbb2-ee83-496c-a6ac-a0ed1c4909c3	3	5489
4ff92b67-279e-40dd-b8fe-c1930f85059b	0	284
4ffd3eab-27ba-48e6-b6e6-ae27cd3813a7	2	1931
501d24a9-d909-4247-9fa3-6b2f99aca5b5	0	135
5021ce10-c106-4afc-9473-494087405d25	0	480
5028a04d-c3b5-428d-9c88-433224bb10ba	4	16601
5041fa92-55f8-4bcc-8021-3d0c876ab795	4	17851
505a0565-0e7d-4bab-80c4-6c86da915879	0	362
50840ae7-d000-4858-8aac-bd776a12dafa	4	28386
50997cbf-f63a-4d29-85d5-c5e7a7f12c2e	0	338
50e3dd64-6b87-4b9a-a511-c375ae4ff1ca	3	6793
50f34514-8b9b-4b35-bc31-01685afa2b3d	0	24
51004041-9729-470a-aef1-09274869e593	0	394
511562a6-c381-44df-9bc4-27be779716b8	3	6832
511c4699-2c7c-4c59-a38c-325f5874d563	4	11264
512a84cd-31cd-40e2-a177-53243f6d9701	1	624
51346a9b-0849-40e7-9748-097843368057	1	1320
513dc792-37eb-48be-92f3-9308d5be685a	0	484
516b7171-d5dd-4fe4-9649-ca90cc3a755f	2	3479
518c0361-e340-488a-a950-846ae06489ad	3	3597
51cfcb1b-769b-46db-8b98-4865d1ce2495	0	89
52216311-e64d-4629-a1e9-37e2eecc88fa	3	3858
528de22f-7b02-457b-83f3-f37d6a16003e	3	4894
5301b957-ac67-4e7c-b5e7-07f9eb4df954	1	1049
533a5987-768f-4892-9ee2-eb0b2a747507	3	5525
533fdc45-1a5a-4fbc-a134-07481f6228a4	1	742
5342d071-a3a3-4998-9d70-6aa97f42bdb5	1	668
5384c176-beba-4a88-945e-001472d48dea	1	738
538e7778-b206-493a-af3a-dce46a453bbb	1	885
538e9c01-9528-4f78-b675-1bf1be132625	2	1666
53bb6e8c-ce6b-4320-b7bd-e79845151d09	2	2615
53d2ae18-de31-4fd2-b368-82e6c1cebeb2	1	1197
53e76fc6-a641-4b74-b3b7-dcd890ab3c23	0	178
53f38d74-a69f-444d-a8a3-ba42e35b2020	1	1084
53f397c2-d5c1-4b61-8beb-333eeaee6455	2	2199
53fded68-39d4-4817-94bb-68b121e9fcab	0	4
540722f1-35b5-4a8c-82e9-5c80ff4c1be5	2	2697
541fa2d5-99b5-4f98-88bd-b86f5b517db1	1	1122
543adb98-6397-4409-89b8-9eb161ea5abf	3	6962
543c6144-399a-4584-8468-3119918b57d9	0	385
543edda0-d61e-4698-97fa-1f34a1322d20	4	19522
54412058-8ed9-49a2-b931-ce8071caf851	1	1276
5457141d-7b7e-4872-93b6-93bcd43d2e61	2	1592
5459db1c-a96f-4749-9cbe-4a572825455c	1	792
546e74b8-c675-47d0-bc8a-136a9e64ad44	2	2979
548cba0c-c326-4c03-b197-cfde2e1e42d9	1	858
548e245f-ec6d-4688-a99c-f549fbe33ee5	2	2304
548f1c74-3406-467c-b941-e9c6e0609185	0	207
54d75345-b6ef-443c-a765-d8fbff2fd9ad	1	1048
54de6001-656c-420e-ba90-d920965a6dfc	1	778
55008116-f7aa-4f68-b713-b6c947f7d43c	2	2912
5508f811-b2f4-43f3-9406-e3fcdc9da586	0	3
5509e5eb-67a4-49e9-992a-07d895500deb	4	14300
55292f64-4d57-47da-bca7-b2d3fe23754b	1	1109
55488cd9-be09-4969-8480-7c7a505777e2	3	3997
556d60fd-b9f5-49a7-899b-3692c5acf606	3	6536
55814ae1-f5aa-4481-9878-05d9faf98c5a	2	2629
55944ce5-8b12-44a5-ba09-126757423a21	1	575
55b6504b-f3c9-463a-bdd9-74c7aff8bb79	1	1222
55bd9053-241d-4ba5-b0b3-f9b792ab1c7d	3	7845
55c03773-59ea-4d4e-9057-87c2ecab005d	3	8791
55d14b87-c718-463e-b4c8-318e1dc5e72f	4	14576
5600cc57-8e97-4550-bae4-a1394a3911fe	0	184
5608d0f5-b08f-4bd8-befc-a8e8dcd02bf6	1	663
560bb54c-fac0-4b39-a629-e105fc0480bb	2	2875
568eb2c9-bb24-4804-8d9a-63022c4f04ef	1	977
5696fd70-f28c-4d91-a64f-59cd92da21c1	1	676
569f11cd-2d27-40da-9b01-237f7837db77	4	43152
56acaa47-eb2f-43d7-a1f1-19466c550e31	1	1226
56ba013c-610e-4d9b-98ed-c2ccff977a9e	4	31271
56cd3173-4b11-4f41-9bfc-5be7d3b4b1f8	2	2850
56d34dad-4756-4023-8924-81af45ebd398	0	403
56e619c0-064f-4ba6-9ce3-c5431d29cadf	3	3654
56ea1447-b076-405e-8d66-b1413d60e1bc	1	1158
56eb02c4-1f16-4613-8bb3-b4a752283fc3	3	4091
56fd0f1e-0c83-450d-8a65-14074f15c138	1	804
57233aae-d23e-4f8b-8e5a-231d159afa1c	4	14331
576e9f32-1a45-4458-9b90-b7ae038fd729	4	16238
5783bc9d-ba4a-4e33-967c-ebb0921f5866	1	701
57a5d4d1-1fd6-46f5-963f-dedf2ce031e4	3	3822
57b497c9-3387-4245-ab2e-4d6f3c3d6ffe	1	1334
57b5be7d-237a-4d6d-bf5c-a0e9a70d8fb0	3	8184
57b7b52a-ce95-4cc7-9eab-b499339e3bab	3	3629
57cb4257-9855-4a42-b1be-bfba1d9b520d	4	84876
57d5ab51-71bf-49de-bbd9-2b0def08cb3a	4	13638
57f89cad-d2ef-48df-9119-8287b106716a	4	95863
580893fe-dfcc-4263-89ed-e870a1e7458b	4	12786
5817bb01-7b55-461d-8a5c-28b2ee4ba826	3	3722
5821b01e-6738-4df5-bf98-92130fbb1a97	3	8024
58300f06-a61d-408f-9e22-83a664d6d869	0	232
583733f5-fb02-4197-af84-8cbb8984c06e	1	587
5866d653-5380-4ebb-b8b5-ba63810ab092	2	1577
58700dad-4177-43bc-8416-affca00c162b	1	1315
587f61d0-bdbb-4f72-9b22-e5fd2c9f9066	1	1207
58d52de0-c436-4b12-aed4-456a3cb03b86	1	1286
58efbf65-b06f-44bf-9ea4-a815421e3a68	4	22576
590131d9-8d4c-4b2d-987d-62ddd3e34aaf	4	11911
593e5825-e5c5-4f85-94a4-fb181d4201bf	4	14007
59543d0b-5c91-473c-8919-851caed48b5b	0	205
59840a97-f186-4352-8fb8-3d25577ca629	4	14559
59c998b6-8ee1-48ef-aae0-174ee347f0de	1	1365
59d8bee3-a751-4849-9f1f-42e9f343baf1	2	3136
5a19c7e6-b435-45f4-b1de-2db9b3271cc5	1	750
5a268534-c051-4148-ac53-380f805c5f72	3	3691
5a2b9dd6-b605-4f90-9b08-fa4f54e40330	3	5172
5a2e5b57-b8d6-46d3-9b9b-1c7c575102ba	2	3551
5a4afc38-aa20-457e-9ca8-26d62dc1f945	1	1207
5a5eeab3-e4b7-42e9-8ae9-b90eeb210b96	4	9989
5a6af524-962d-4418-bb04-c82606df6c49	3	4428
5a6e19e0-3ff0-4b3d-869e-3c539d6d8707	4	15891
5a732686-71d3-486d-b076-cae027a2f057	3	9299
5ac141b2-cbb7-42e4-b98d-fbd51bb2ab9d	4	17033
5ac673a5-34d6-40ad-a1ef-463011c3f594	1	1137
5aca7ec5-f376-4b4b-8d77-0d4ee5ccca06	1	551
5ae4d6ce-4bf6-4336-9968-7a49d84d8a76	2	1865
5af7630a-a7d9-4fe5-9a56-64336f2481ac	2	2435
5afa8cdc-6cd5-426a-a265-7e0b5c5c5bb1	3	8551
5b129d0f-a967-4920-8a57-2c02e1f4a6f2	1	606
5b25093c-d24d-435c-b410-48387a0dac7b	0	242
5b32946a-4c08-4a75-b1b1-60700470671f	4	100921
5b6ce434-073f-42a7-bd23-2eafd13d3bcb	3	4319
5b84e0fb-d3be-4805-a41f-e522199b3542	4	12546
5b95ae1e-5129-46c5-a043-522e6c9f7871	4	10620
5ba39b83-d12d-4b31-b449-992300a73df8	2	3448
5bbee517-8157-473d-92b2-e02565d27baa	1	551
5bdc8759-a592-4202-a48c-691d4bec5c6d	3	6922
5bdeb32d-56a5-4b6d-a768-264101fa0a0a	4	13551
5c01e21f-8222-4728-abce-267abf83544a	4	25482
5c293fa2-ba93-40d9-a492-1edc9d445683	0	35
5c37bd87-1a54-40f9-9462-114dcd67fd10	2	1551
5c859a45-d4db-49fe-9d55-d2291c1379cf	0	223
5c8ff93e-0a5d-42cd-80b4-610ee32e919f	1	1183
5c998e19-9e04-4cec-a71a-3d673e65a133	1	551
5cbef01b-cc35-4f52-af7b-d0df0c4f61b9	4	239854
5ccc33bc-7424-4a35-9357-6feb664bbddb	1	1422
5ccfbbf2-62da-4e38-b1ba-b4f798ada177	3	9521
5cf454bc-3be0-47ba-9d0b-1e53da631a4e	1	565
5d076949-f420-4b1d-a085-c3d44570317e	4	14414
5d098174-0456-4c77-afe8-2ef5b4ca0bbf	0	380
5d5f3355-6cab-4314-9a33-e648688f3e60	1	546
5d993ae8-015b-413a-88c8-bb46b8440991	0	3
5da9fa64-75bb-4e1f-bb13-2f0eae6b40d6	3	4321
5dad5ca9-1c9f-4589-8b5c-7cebf4968a03	3	6608
5dd72b13-945b-4dd2-a616-edf528f5871a	2	1993
5dfbf314-2052-4c3b-9a7a-5270fb3b2a55	4	70162
5e252732-d1ab-4ad3-9b1a-4ef3fcb4bf3d	3	5131
5e2a72b2-0b6a-41a3-b76f-79f18fa0685d	0	128
5e6512dd-160b-4512-a4b4-2c30fa894a08	4	18625
5e7ccd92-6277-451a-aab9-1efd587c50f3	4	58364
5e84f5df-c098-413d-90da-631c3f086c62	0	395
5eb99377-dbfd-4448-b8fb-271c418dd296	0	479
5ebe7dec-3b0d-4c60-abb2-3980e62bd353	3	5468
5ef6fb81-7e5c-43df-86bb-822775300532	1	984
5f02b68b-6a66-43ae-a895-507709c0b53f	0	31
5f0dc3c6-ddef-4bc1-b91f-9ec1903e28db	0	269
5f2c5e7b-20ac-44e0-84f7-3a9267eb0073	4	11972
5f4e8ab6-0201-4aa1-a6d8-1d8ac60b446f	2	1563
5f6ab225-da22-48a7-b935-5a41bfa4dcb9	0	41
5f79fce3-8ea0-4ec0-a3d0-20b20d70d462	1	1151
5f7c7c60-aa51-4fbc-a1a1-44f2b33ef015	3	8813
5faa961a-b425-4069-8b61-6e3ceb0ff4ef	2	1911
5fab218a-a6e7-4317-9e5b-f68ff4d68166	3	5104
5fbefbed-09d5-4e9b-9c58-520b9511158b	3	8811
5fcda981-7389-4207-8c8b-ae5cf13a7332	1	1017
5fd586fb-8ac8-49ab-9481-da84b086d071	1	853
5ff06d5c-c275-445a-a830-878b1af8b2d2	0	50
5ff834da-19c9-48ee-b678-b718d328bffd	1	682
5ffb1041-7236-45d4-8523-60faf95946c6	4	11387
6005fb1b-4f18-4941-8c8d-a33a30f9a2d5	1	878
6006ab3d-da40-4474-9cfa-c6b13f63240d	3	9270
6016ee68-5dbd-4a5f-9a31-8743b6e8980b	2	1735
6024a330-a8af-42e9-a923-fe7d1026dd28	2	2621
602dd073-6b84-4515-8575-7cecc8082383	2	1610
6033071f-9488-4578-b35d-46e65961da48	0	220
604ace11-4af7-4837-8c09-3becc2a822f9	0	451
60550bca-5038-4eee-a70e-23488000071b	3	7073
6060d1bb-94f8-4863-89b9-425487f2f6b2	4	14925
60691cca-68d2-4144-b91e-d7ea04e396b8	3	3934
60707dc9-11eb-44b0-9671-2f635c83f52e	0	369
609ff408-3cb1-4f28-823c-d67c52f493b9	0	390
60ae0d64-e5a2-4739-8c6d-f995dab7b052	0	153
60bbceb2-0ddc-403b-970b-b4e9c3b2de5c	4	46292
60dd32e4-575f-47c3-bc02-5b87fb088007	0	182
6143403a-df6c-429e-8ee6-ef869896b0da	4	13018
61484990-7082-4dfc-8a98-8498f24e2d45	0	451
614ae988-c23c-4cf9-bb60-d6d756793005	2	2797
61568439-b790-4e96-9b4f-64503ce0ab12	4	14317
615d51ca-3d06-43dc-b956-4d76099f4b5e	3	6513
61947bfa-5e34-44e9-b2fa-845fc082a367	3	6553
619e6848-060e-46e5-8837-f82829f62691	1	803
61dcaf8f-6036-4849-a1de-26d3c85db4a7	0	505
61eb3dde-3a23-4a6f-9332-d931980e6067	3	4056
61ebe2c5-700f-4473-acea-c94a57811dea	1	1462
61ec51bd-cb8d-4c07-8b9c-632b2f170063	3	7235
61ed9c9c-79eb-4e8f-8015-bd599ac0ab49	4	84927
61f4157e-8443-43fb-bb4e-fd0afdcd75c4	0	256
6200e9d0-830c-4335-ad96-3055bb0b6544	3	5427
620c46b6-f3c0-4dc0-af26-bf90eae77dee	0	199
622df07c-1948-4f06-aba0-d93d3f0a274a	2	1731
62384d16-0acd-4857-9483-5ce30809632f	4	10506
623f2314-9bf9-4cd4-b984-8f66bc807f58	3	6155
6287d910-372c-4c4c-8987-dd7c4419ba55	0	315
629db3d9-4726-4ae2-859e-d1f14f88fd07	1	1155
62b29e5c-d717-4586-87bc-ade74a6a9fe8	3	8880
62c562c9-f91d-4195-8924-86be20ab9d41	2	2243
62cea2cd-9c52-4546-afa6-e381f7ec4a77	0	335
62d1c157-3b54-48d9-8491-94c575369ee3	1	925
62d27d3b-b1ad-464e-839f-070fa317e44f	2	3001
62ded9ea-fe82-4606-96f0-8aea96ea12b5	2	1969
62ecd859-e63b-46f0-95d8-69e860151adb	1	599
63034f55-692a-4f3b-a19a-ac2072eac3bb	4	27017
6337eccc-a02f-48a9-a8cb-8bf7f0318b30	3	5413
633c13a3-335a-466f-8e01-535837faeff5	4	36030
634f1473-9ab4-4fc0-b794-899bc4f2166e	0	87
635ea8d8-6c2d-42ef-b685-667768bf80e5	3	7100
636dc67f-2110-453a-83e0-82e15801bdfe	0	446
636ec2f4-0054-41f6-b1fe-e003ce6bdec1	3	5799
637b672c-13b7-4e0e-812f-6b14dfc50e7e	4	14020
638b280a-76b5-4519-b503-fdfa58f8df7a	3	8800
638c2ce6-1e57-4e3f-ba83-4bd6c5256eda	1	802
638c86ec-c55b-45ce-bca2-00f2e7eb77dd	3	5204
63938cc8-edbf-44ac-b68e-1d17daf365c9	0	377
63aa26c3-d59b-4da4-84ac-716b54f1ef4d	4	162278
63f2d055-940f-4868-9a73-234d9a465bb0	4	22970
63ff2e03-85da-4529-b046-125dfd2f5550	1	1039
63ff6b30-7b69-40b4-a0db-d43e6515ad65	3	3825
64018a63-ebd5-47e9-94bb-fc90b8bc68d2	2	1942
64269daf-c754-40a4-b98e-97195f67cf23	1	918
6427d4bb-1a78-4b6f-b222-514cee62df58	3	4347
643cf4da-c41e-4986-89fe-d4a8b50acc32	3	3921
644e059f-f308-4273-97cc-1b8416d25345	1	1324
64af8439-3319-4ad5-847c-79f828603427	3	5406
64b7775c-c9f3-4dcf-9d2d-73bc48fcf934	3	4094
64c270d3-53c1-4a24-98e1-ad80d0f7f2aa	1	782
64c37407-c9fd-4387-ba02-4e6159499055	1	539
64d19a0b-46c0-441e-87c0-6fd2c1d0030d	1	1220
64ee921f-32a0-465a-b34d-4ab6bc9cbb2c	2	2379
650793b4-94f8-47fb-b6c9-752c94486b75	2	2241
6514fd09-f1d6-4759-9e84-58649fce568a	0	210
6518de5e-e497-4651-99dc-a9a7e6c36ccb	1	1226
65269602-7b6b-4f63-b249-11897f8ba4d0	3	5225
6533674b-9d30-4328-bdfe-92318e12e53a	1	1017
6545b2a5-bbdd-408d-9169-3d7aeade8093	1	1242
654924ab-3ed4-4e5f-bbd6-4bce4d460abd	3	5201
656ec54e-d45f-4ff0-a751-e825a0f8aff8	4	12977
65a8ee1c-20ef-4e2d-bf55-33a35bd7e644	4	12183
65aaf08a-c92b-4000-9fa9-8f19670ac370	3	4366
65d4f206-9f54-4b90-b207-f9e2b626655e	1	863
6635218e-2c5e-4ff5-9fc2-a9f835cacff5	0	345
66696d1e-8bfd-43a4-b8d6-d255da84b02b	3	5315
66711d0a-cfcb-406c-9fb4-694384f417a3	1	954
66816573-eac4-466f-89ce-db0002d703da	1	645
6689a626-4de7-41d5-9ec3-5a289472a9e2	4	41703
668f86c0-53c5-432a-bf7b-8cba488da4ee	1	1231
6690bce3-6fae-445f-b6f3-e0ee4da53f93	2	1733
66a52b6c-6e95-4c4a-a184-b3f0dc4e5445	1	1098
66b2f925-e924-4cde-b09f-27ec21d29564	3	9512
66baa549-ec7d-410f-88bf-d4f9bbb21890	3	3669
66c03e40-2337-4952-8b27-afcbc68a6e5a	3	7748
66cc1250-3ddd-4068-bf47-344cd5ba079d	4	15104
66d5cc31-ac3d-4a45-bb0d-d84b5986c9cc	0	137
66f89780-6c07-4c4b-8e4c-be4098090bf3	4	26653
66ff52c1-54d8-4b72-bad2-e23a0aeea877	2	3028
6702c701-d0a6-4b12-ba41-1d0ee967a9e4	2	3465
673103c3-fe23-4017-8e8d-b3eea46fca77	1	869
67349203-0c02-48d9-a0ac-4ff40bac0905	4	11387
674e2eff-88b4-4fce-a19a-7dab8dd12171	2	2886
675b3d52-2b13-4e1b-a516-947bea46b1fe	1	1193
676dbcbf-d450-4356-836b-8048ba0b0120	4	9788
677c6265-b0f7-4d5b-982e-ffe8b01e131f	4	53902
67952cb7-0869-45d7-b106-87d564ce9ef4	2	2167
67eb4fd7-53f3-43ad-a03f-61792ebbc94d	2	1744
67ecc7db-6fa1-4198-8530-047de76d5c8e	2	2822
67fe23de-fc50-459e-a0a8-e2a91f5d2d4c	0	345
68259b40-e3cc-48ec-b579-e73f43a616d0	3	5471
682ed507-00c2-4e24-b4ed-97df6b912dec	2	2327
68416724-6cc4-41ee-b81c-1ce169c00f03	1	1377
68583780-fe13-4ce3-be16-107cf71143b7	0	193
686557c6-2be8-4c95-bde1-b4c567fc3448	3	8542
68868bf5-7b90-4367-ba5d-a26871b5c206	0	9
688d2d9d-8f49-4187-b558-2c961c699ab1	4	10923
68a4cc6c-263e-4d20-bd00-35fbe7f34701	3	5984
68b22fd5-038c-4b74-8ed0-ee93b13c1d9e	3	3958
68ea1169-9464-4af1-862e-fb3ccd75e526	2	2573
68fb2fd5-b452-4742-be38-dd2a694b73fe	1	1005
69072b3a-07c5-4d79-a0b2-180b2a931260	1	1044
692d58e7-e19b-47b0-98a9-eecf2225b85d	1	1075
69407e6e-8cc1-4d48-91f8-7e07b94032a0	4	13051
694d9b58-f440-450c-9e2c-212fa69d7fda	4	13868
69751b2d-bfa1-47e7-8b54-df54907fbfc9	0	60
697bf3cb-d7b1-4911-87c1-80e50b47157e	1	527
6983679b-a655-4257-aed3-96b74edcfa9c	0	267
698db32d-38b2-4b60-be02-cd1d52ac4d25	2	1943
699e687d-9e77-4fd0-9b7a-54d2aaadf05b	4	17409
69ba7cce-e18f-4af4-87e4-b0370c2cb9b6	1	1093
69c7cefe-5280-49a6-8b31-d8216c6edfc9	0	31
69d8980c-d1bf-470d-bb54-964038c03b4f	0	100
69d9dfd7-19b7-4a75-8a53-9f733fb5d774	4	10896
69db8395-b486-4a7c-9fc5-a0ab460dcce9	3	5694
69eac83f-7c66-41f8-a576-99b396decf16	1	1013
69ed28f1-ab84-4367-95ad-60a24b24a9f9	0	331
69ed9582-7b72-4b7b-8e30-816c06e5f89b	4	9801
69fc6704-cd19-4dc3-95de-ec4648bc6da6	1	1360
6a0439a1-4520-443b-9bf1-02acdf692d6e	4	32709
6a0baf13-c7ca-4e56-9700-2fd2ef687733	1	669
6a26ce61-7f28-41e8-b79f-cbc300edcd4d	1	919
6a34b155-79c0-4817-9f5b-292606e9453f	4	9950
6a451d5e-2676-40fe-aa5b-a61fcfe704ff	3	5355
6a5e76de-b181-4f3a-b7c8-c203d88a9331	0	261
6a628a50-1c5c-4d29-a13a-79a73eb012d9	4	15701
6a804745-1926-4f05-9c9c-9c9f39d74fac	2	2703
6a900ac1-3464-49ab-adf6-26b0d131460b	2	2378
6a93afbb-257f-4166-b389-9f2a1e5c5df8	4	42716
6ab11601-4456-4a66-8701-8fe44d080d35	0	429
6ac2abb1-29af-475e-985b-e71854432a24	3	4316
6adad8c8-d487-48e0-97fe-40b9e5a3bbe7	1	544
6aed5498-c7c4-4b23-8091-949b41d737fd	2	2554
6b16de9f-545f-4b49-b98d-aa52f4c41d00	1	632
6b1b84c1-528a-4642-8f7d-761766d44dfa	3	5564
6b22de04-fb48-44aa-bd02-c1427f635477	4	52633
6b5cd5b4-966a-4456-afd7-7daa2cefcdcf	0	150
6b6285f2-c068-46c7-842d-e6dbc0535d1d	0	305
6b9f40e7-0d03-43de-8f42-af14ca62a198	2	2401
6bbb9ed3-bb91-452f-b801-5c9a511de165	2	3064
6bc658ea-005f-486b-8f94-33a2e40f7a72	4	93830
6bca39c3-bc8a-448a-8a8c-704be8fc5c64	4	18375
6be71a41-4a08-4731-87b8-02d2f2ef1404	0	449
6bf6b3f0-3388-481f-8ae8-4023e1a76d70	3	4488
6bfa076d-881b-442f-adc9-c8c17c6c87d3	1	594
6bfb87fc-d820-47ce-b4ec-5b794a9c0d3b	1	1177
6c1ad8da-38fd-424a-aea1-0b055fb1dbe3	3	6691
6c1dca73-f7ef-4902-bfd7-66e0c12aa10d	1	679
6c4335db-e676-418f-98e2-f8037ac88576	3	8386
6c435385-ba64-473f-8ff9-abb5d8c3a066	1	1122
6c75253e-6f25-435b-94d8-b224ccec63a0	2	3579
6c7ee645-c04b-4129-9db8-652020725127	0	239
6c830a1a-a0ec-4d32-9579-a931dfe12c4c	2	2221
6c8561ad-7932-4a9c-84a9-d833dddc9d0f	2	2131
6c92afd2-1d5a-40e5-b413-a2d1eced3463	3	7677
6ccfa72c-91ab-4b12-b40e-0069d2b85031	2	2755
6cdc2ffd-a587-454a-b280-1a36ea52ef2f	2	2926
6cde3d73-2219-4616-befb-8619cc2018d7	0	386
6ce530e8-6ccf-4e30-9f3a-cf259d79d78e	3	6522
6d1d1faa-8c40-46fa-9b4a-6d1a2d601177	3	3637
6d25994a-c078-4017-a72e-e25c26b75051	1	1086
6d3002ea-38f1-435f-8115-5eba46b4b3cb	1	602
6d60d921-a292-416c-8a91-24612a303e62	3	5879
6d6520b5-ef30-4443-9f11-1a3394c66b19	4	16219
6d670145-5d7b-4154-b66d-34bbe644476d	1	1062
6daad3b7-3c13-4ab2-8e24-da475e5f7548	0	500
6dc9b85d-beec-43d2-adab-8af2dc6632b9	3	5992
6dec936a-82b7-42ba-b1c3-236fa6ea453d	1	825
6df67e53-6abe-489a-b8f1-9dcf43333a66	0	463
6e024ae4-e8bc-46a6-9bbb-6a4b58c8df2d	1	630
6e0920b3-6508-4ad4-b067-ee7d274c90ce	1	572
6e5c61e6-182e-4796-a63b-590bdd4bfb07	0	380
6e6170a4-31c6-4cae-a3f9-f0db3b9f5892	4	9795
6e755d2d-0b47-449d-b03f-fcacec33aab2	4	43025
6e861d76-3927-44ee-ade1-cf1717134e96	2	1643
6e97293f-f932-4051-ac45-96b7a32b6db9	1	886
6ec4a890-9640-4551-87cb-59226f7b8e20	1	587
6eca3166-0c21-49e5-95cc-92e0a455fffc	2	1964
6ef472a6-8a0a-49aa-bb60-54541c868846	0	315
6efa29c6-9995-48e0-9eaf-3809464a39a7	4	101997
6f04b3e9-000e-4208-bb72-cdccf868dcdf	1	1297
6f0570ed-62e2-4652-89ee-e65839e55e3f	0	232
6f11f22e-2a8f-48cc-b1b3-79760d317f76	3	4335
6f150bd2-d256-4438-b25f-91eba511ae83	1	660
6f2000e5-bb98-45b9-9163-42daab65f607	3	8945
6f20aeb7-c17a-472a-8be6-f6af6036d820	3	4335
6f2a5f8a-b162-4fb9-9703-81a7c791eb03	0	3
6f42e563-5348-40c2-84b5-f8fd6fcef658	0	144
6f843c79-e70f-4bb2-bd66-6f8f324df034	3	7120
6f9dda06-eb24-4427-8557-fdaa3d23ad6e	3	4324
6fab6789-f5c6-4f38-9bc1-d7f8ffeb9372	2	3387
6fb5506b-a4ca-43e6-ba48-1d17c5ffede6	3	6460
6fd05e6c-fe6d-4561-8af9-af00bb2d49f1	1	1072
6ffeb569-4bad-42ce-a2ac-ccedae0b36bb	1	988
700f0813-e644-4d2a-873d-62fb113d1e5d	4	16133
7015f9da-a820-4787-935e-f2e426e36829	2	2205
70169fc7-b004-49b1-aa8b-991793e86ff7	4	12079
701b102f-9f25-4166-9b69-1da91e973396	3	5389
702a8f29-1442-4f5b-83b2-d19ebf79cf57	0	265
703f9c8c-32c8-482a-900d-a12fd8f20360	4	11256
70490f8b-0267-45a3-b81b-8991c425a4fd	1	1414
7051f763-e2b4-4a4e-a3da-3ff0f2a1e3f2	2	1615
705f6c72-d6f7-442a-9b0e-a93b6ddf6c8e	1	1185
709b3f74-5d06-470e-a1ae-5325231bb37c	1	662
70ba671f-d2ca-40ad-9744-a46985f4148d	3	4525
70c094fb-a80e-4162-af51-207f1f8344e1	0	322
70cf8d5e-2d03-40cb-86eb-96adf714afc6	1	1232
70e5098b-c4ae-4cd7-9799-3c1b9b57c753	4	17526
7139092b-e753-4679-aa73-eac01af13af9	3	3654
716a01fc-da79-41b8-816c-4e98168f002f	2	1865
717b5e31-86f7-4c04-8438-4d13cd650dbc	3	6497
7197f5ed-5167-4e73-8ee6-bebf18831fb2	1	627
71b82868-6b15-4c8c-a652-bbf6ff03f7dd	3	7249
71c0a3f0-56bf-4223-bf8a-810f6cd92dca	0	210
71c2ca42-0df4-4cf3-a868-c86f826aea26	0	504
71e630d6-3f48-492c-86b1-1161d924a345	2	2438
72042004-c95a-4fa0-93b2-46951ad19534	3	3943
720c46ba-a0e4-4b58-aee2-3bd70c70901f	3	7628
720d4ae1-2c1b-4806-ab65-9f8b88290c6e	1	693
722a4c72-61f1-4a7b-ab3b-4d6c0180672a	4	11830
725277db-3436-4ab7-b76d-d18e3385f634	2	3255
729b0da7-93bc-4f90-9730-8cbfc9326f85	1	1328
72a38718-ec72-4bf3-bb5c-7eef443d993c	0	132
72a6782e-2491-49c6-80e1-3eaa0b917a07	0	246
72ae6caf-4f9f-407e-8c70-8cd195df955c	4	63869
72bff6ba-f01f-4ff3-b629-582d1bd83756	2	2200
72c9f2ac-12ca-4a2a-ae79-6b19bd1e5b73	3	5553
72db70a1-f34b-48b9-9829-67785e0cc19f	2	1474
72ddf0eb-66ab-41d6-b995-7e03dab99bb4	2	3448
72eb8c6d-b4ab-48bc-add2-de1167449517	3	5376
72f7cbfd-1a66-4e02-aaf0-759d1f412099	2	1828
72fd7688-8394-43b6-8f41-278657648a45	2	1932
72fdc2cb-46d0-4b9e-bd28-60766ffaf4dc	0	68
731041cd-4cd0-4245-aafb-2b3fb9f9fdb9	1	1284
732213d1-7a68-4ccd-aeef-09675d1f2bdd	0	248
733a2394-e003-43cb-88a6-02f3b57e345b	4	33578
733cf4fb-b509-4a8a-a1d5-a1943747936f	1	570
7343056e-041e-4b28-a85a-58e8fb975136	4	17970
73653787-bb4d-4ddf-806b-12fc95a08f77	3	5964
7365f645-ed13-448e-9475-0a380ef2e28b	1	626
736648a9-846c-4530-aec6-b50479c3252c	2	2758
736e1cf9-09c6-47ac-9b98-5374e40fecf0	4	10096
73789e9f-d7f4-44b3-a271-b189419077fb	0	297
73a2daa7-9469-4789-bd2d-41c48831d614	4	21435
73d297e2-3d99-4c9b-8dd6-3dccd0da0d08	1	604
73d91e4c-88f7-4da5-8d18-06fbb4bfcca3	4	10311
741a2892-1c5d-402f-a769-2096356c77d7	4	79968
7441bccd-67f4-4294-90d9-f9fd1bb4a37e	4	11568
7470b57c-33ad-4976-a74c-6d512ef29fe3	2	2597
7492fd55-ce60-4542-9b89-9184aac976b4	1	551
7495d359-60ff-4052-a187-7e3aadb7bb65	1	1324
74a9e761-8ce3-4818-bbff-ad44e9cb2604	3	6431
74be7080-080f-49d0-b8c5-1166eed1bb8e	4	18817
74cfecbb-4647-4f18-9aec-6569638d6b9a	0	66
74d2dad2-9dd4-48c5-bd68-603ddbbfb4f0	3	6837
74d78e57-96fd-408f-bccd-12dfdb8a0176	2	2122
74e9a1a0-da4c-43fd-a2ab-d4c607a74aa4	0	392
74fa83e3-525d-4539-bd51-5e5ac254379c	2	1586
74fc617f-ed66-44f6-8d60-d5247f34f114	2	1798
75064ecb-f89c-4a1d-adac-5697cf06c31e	1	969
7508abb3-e4cb-415d-97cb-1b5e81287d86	0	272
753159e8-82b6-4dc9-9ecc-454660fc59b3	2	3092
755e39cd-8f7f-4225-8468-4d7ca6eda9d4	0	192
7561ff6c-2ab7-4776-9a9a-662f23b2effc	4	28125
75965083-1fce-4e76-b6c0-ed13322d6a04	1	1201
7598fd15-1da7-4940-a01a-3968fd854dc3	0	517
759abafc-c4eb-4018-8554-f29a9d842779	3	5139
759d57ae-ac3a-4b42-b965-314617a75e4f	3	4569
75c016da-48e4-4992-8a10-b7128189b272	4	12822
75c78621-0f75-4765-bc69-5f02d8a8a850	3	6175
75c7950a-8796-4dec-aa86-e42f2bd8904e	1	1043
75e2440b-2fd0-4366-baec-d7802f52edeb	2	1781
75f3c3cf-943d-4700-af9d-3c9e3fb85189	3	4377
76350524-7f09-4d9d-9a46-279b7ea4031b	3	6285
76454716-f549-45ae-8f0c-7241dadbce65	1	810
766a2b45-441f-4096-af05-dbbca9518c9d	4	117972
767026a6-9e39-463b-9d04-ed0f86ac5ee7	4	36052
7677be48-16e9-4c84-9365-a69dd6f2df55	4	43067
7681bdca-84ee-466c-bb9e-1868b27deeed	2	1916
76afa937-2afb-4359-923f-5faa18070e81	4	11359
76b2e842-5e85-4c97-ab62-d5bc315595b5	4	156201
76cb3b15-d2e5-4363-bca3-8fe2bb677461	2	1530
76e78b58-f301-4975-8058-7f84d8360738	4	25397
76f88542-fd2f-47a1-9be0-5d55df793aab	4	11906
770d490e-c89b-4775-8508-aca7c75142cd	3	4083
7739b88f-8d40-4af5-b4d4-5e5e53755fd5	4	32454
775f55c0-1ea8-43fd-a5d0-0817a5085575	3	5411
7767a522-c0a8-4039-8c18-a0a83f085186	3	6751
7773a909-4747-4f78-93e4-2228bbbbe0ef	1	773
7775d8ef-e611-4c8b-821b-6e78a1668744	1	758
777da8e1-d92e-4392-aba5-28a52200c1b2	0	114
777def33-ab70-4a86-8455-544a6a124244	1	1278
77820ed3-78b0-41a1-bbce-6b8482ebfe67	4	17564
778b34b7-736f-45d1-9486-2c9545ea6daa	3	3992
779fce7e-c99e-4d0c-bfb1-af7aa1c34e80	3	7327
77a052f1-0007-4b2c-a526-c16a7e5e8bff	0	204
77bb6947-2925-44cd-b2f4-f0529f215880	2	1562
77bfd0fc-5237-4557-9c36-ce9e6263ed6e	2	2691
77c19a58-b7d2-4090-babf-e448521489e6	1	542
77c9fe77-efef-4bef-bf97-a2be3479b981	3	3953
78000796-f2d6-49ae-aaed-3055f13ed972	0	309
7842c6a0-aa52-4d03-baed-3e762306eaa1	4	11828
7846ff69-f748-4d3f-ac12-9d08312149d9	3	6781
78666295-acff-45b1-9f10-f3e5482eda3d	2	2137
78761837-4b00-4935-b7be-601697900e66	4	13948
787c5b05-d87e-49fe-8839-fff8abfd0a76	2	2724
787c9240-273a-42b3-9163-3ece4c865d71	3	3838
78ac5900-dd56-4e93-9a43-08efa9412f18	4	16250
78ae40e1-bcf1-49cf-b5fd-0ce62cd72b8c	3	5225
78b7c31c-97cb-4f06-be5c-5c2e5a7c87bc	3	8470
78c1866f-92d8-4180-98ea-fe88121aa195	3	9629
78dc7891-a7ba-433f-850e-408a64897d73	2	3473
78e98e0e-f873-4e5e-b4b7-88b7293fd713	4	40784
79212d52-10fe-46e5-992f-2156a51f51ff	2	2622
794387f6-dff2-4b72-bf75-55dd79be8c56	1	950
79491354-3d83-40e3-9d8e-7592d58d790a	4	233834
796dea98-57f0-4c92-8dce-990bdbc4510a	4	13619
796f730a-c418-4f5e-80ea-d1216873a447	3	3887
79b1e1ca-e895-4dcb-837f-f9a4abf7b2c4	4	9823
79b6b394-6c05-40c1-9e3c-d22870eee839	3	8788
79c41645-d2bf-4f53-8f17-4be34099eaf3	3	9642
79cd0d03-3d73-4faf-8bd1-f1c86e2aec62	2	3571
79d789ed-2120-4ec4-86a0-26e9f9e6bce6	1	1433
79f2767d-065a-4943-9b51-b00271ccc974	0	432
7a00735d-15eb-4a6d-aefe-7005aa28fd5d	2	1579
7a10215e-b32f-4b77-b9cc-d90531a3968f	4	19230
7a245c39-33ef-4b79-a661-5223f702df0e	2	3191
7a27dbe6-0ec4-444f-a7eb-3da44573ee3e	1	859
7a2d7204-28f4-46a9-9ad5-ce6f5582b7bb	2	3103
7a2e6b55-f149-4e74-be6a-30a1b1a387bb	2	3432
7a39929d-eea2-4ac3-879a-e7e74e4f78eb	1	943
7a4311d2-5f0e-40df-b03d-ac4a5465b236	4	12003
7a50b2bb-2251-4047-9e55-4ab3d6cc9078	0	163
7a6a351a-63be-4acb-9941-e5ed030f30cc	4	24745
7a702538-cd5e-41e8-bf03-ec6c33770f22	2	2826
7a708283-c9c6-4506-acc1-68c10c563341	1	1045
7a8802b6-e1b2-45c5-96d0-6c2d39a12fdc	0	132
7abffe0d-c0d6-4316-a78b-7d2403e8f722	1	602
7ac2aa04-8ff1-4cf9-a12b-941e489e47d6	2	1937
7ace8ed9-386d-4a6a-8517-a21a343ea971	2	1809
7af4c66d-af68-46f1-9c51-4c19ccf40ec4	0	170
7afaa14e-584a-4e06-8433-f1eff68b5475	2	1604
7b16e4ca-a204-4158-8293-20cb44c11d88	2	1836
7b2d7a70-5c1c-4cb0-93f7-dd627a45662c	1	827
7b48b8ee-fa81-4c51-a547-bca542c67c6c	1	1099
7b549718-0f34-4fb0-85df-bf6851fb864c	0	259
7b5b8b1b-414b-44e8-862f-b1f20fcef5dc	4	16372
7b9ab1b7-7cef-4965-bad7-9f119ce8b6ff	1	1431
7bcf8b20-72a6-48b1-bad3-b28869090dda	4	54248
7bd2a6eb-11fd-4ad5-ba4e-7f6aba15b277	3	4471
7bd2ae62-f764-4843-9433-35271f280dc1	0	131
7bd85185-ab3e-4309-9dc3-19d23bb3cdda	4	13233
7bf105c7-1245-420d-bb6b-1bc27a54907a	3	5110
7bf882ed-5246-4158-bcad-d4721cae7a4f	4	23521
7bfc0a6a-f1fb-40dd-ba7c-673f0adb4ea8	3	7245
7c2033a2-831b-4537-b31a-2ea0ad9d22c8	3	5004
7c2d79a2-8af1-4cc3-8ca8-8e95fbe1b4ba	3	5734
7c3721cf-9c8b-41d1-9c3c-afc72dc41e49	0	129
7c53fb66-4a8e-413b-b13f-8c805ba4ccaa	3	4329
7c557252-cf19-4055-a973-8d6f3c55deb1	2	2436
7c6607e2-dd61-4056-a56f-e46ebfa8b4c7	0	371
7c7a377e-2137-4120-ac20-c3d7286256e6	4	14669
7c7da0cb-c1e0-48ce-aaec-f2f6c67dde53	0	320
7c7f850e-65ca-48ca-899a-cabe2a2cc783	2	2767
7c89d2d2-7016-4c5b-bf38-f4b8cf2a370a	4	10584
7c9f0362-cc50-49c8-a2e9-419b757cef3a	2	3297
7cd5c089-8c61-4d97-8cdb-33fb5dbf186a	4	37726
7cd76439-8439-411b-9c20-94844af9358c	4	11524
7cd7d023-7e9e-489e-91ba-e2ced8234f48	1	1115
7cd91b13-8327-4092-a79c-5829b94a794b	0	110
7cdd30dd-363a-4bfc-932c-8bb46b8c3e95	1	926
7cebf40a-1ccf-4f84-a825-14afeb8fdf00	1	778
7cf7c106-14e1-4c22-9341-7e7eb73b26a2	3	4947
7d003695-15bc-43f5-b5f2-c06829c9b8c5	0	69
7d0b9703-bcb9-46b6-9f5b-3a3c67adf97b	4	9988
7d48da7e-5eee-45df-8e89-dfaee2af82c4	4	10486
7d5ab287-fa89-4ff7-894a-5e4afb1b1c9f	4	17847
7d699304-8020-4157-922d-51524ec3dae4	1	562
7d7a5fdd-0d04-4c36-8bee-906feeae239c	4	62866
7d83f228-de88-4804-b772-257424e38bc9	0	122
7d9e6c51-f8ee-4633-9f26-4aec96846dc7	2	3559
7db1ad2a-933a-4ed7-a4cf-26fc05a7563f	0	185
7dba6614-d0bd-4950-8b7b-841b31c413c2	4	35591
7ddb6325-7022-4d30-a585-78a8eab631ab	4	11288
7dee2cd1-afd9-4c4a-ad1c-f36e43299210	2	2409
7df727ad-674e-4ba1-8e89-0f0a5059f76a	1	1037
7df86d8c-3b39-4861-a745-cd342403e423	2	2419
7e0453c8-e053-47eb-82d2-050bdf4ccce4	2	1769
7e277d58-6039-4918-a5d9-ad028532f4aa	2	2359
7e2b3e5e-99a5-4414-80f9-c949a2308fba	1	567
7e31a47e-9885-4a4d-98e5-7443277d4073	0	203
7e35f011-8d40-4495-b5cb-31c750f516cf	2	2084
7e5f38c8-eff6-4204-9f84-e344c54e7ca8	2	2391
7e65b467-2cac-47ed-b5d9-1cb2abe29c75	0	479
7e763c41-2b30-45bb-9046-d13d9702bfcf	4	16833
7e8c46f5-6f24-4d60-93de-1fa9adb726c0	1	824
7eb1ce54-a355-41f9-8d68-e018b096d427	4	16860
7ede9e54-7d63-44c4-922b-c3b4fe10c6c1	1	793
7eec4002-61ca-4ace-9540-01bc9f571540	3	4550
7f09f779-b685-4143-b125-2dcfd9570969	0	466
7f230fef-3d3b-43c7-bd1c-841bd108d47d	0	292
7f37abf7-baec-444c-b135-4baddd489d85	0	211
7f47abaf-5d54-4980-b101-d14fc6e4535a	2	2282
7f47ea76-e712-4d90-bd6f-4e0fb3239829	3	8856
7f49d79b-1559-4fa5-b3fe-efcd07bca593	2	2313
7f565c58-cf5d-441b-821f-c314ddf60c99	4	39735
7f59fef0-82d2-4d1c-bdfb-cd29072b341d	2	3427
7f6bd658-482c-4b5f-be6e-316cedd33148	3	7381
7f70094a-2f55-4e9b-a57d-125a1a3b26d8	2	1943
7f73cd9a-63e7-40f9-b92b-f061f6f8e7f0	1	582
7f79268b-652e-4ce3-88f9-e33a9c6da062	4	12321
7f7e1171-393c-4c38-b236-8e4440b83b0d	4	12901
7f97f48f-d388-4e42-8068-d5b62a808aa3	3	6362
7f9ce8cb-1b04-4f22-998f-00d91b0cca8e	3	8470
7fa34ff0-f1ca-4bac-b0f8-a38eaffe6595	1	746
7fa519df-422f-4ca5-ae39-345508957e0a	1	825
7fbd3cf5-b39c-4b0a-9802-a41f0d452d5c	3	3584
7fd35f96-40bc-425b-8dba-51bf58fbeb03	0	117
7fdcca4c-b2ea-4fa5-b0b6-59a5a14c1a0d	1	1073
7fdebde4-3cb7-4739-86f7-17f4b84eae25	4	12680
7fdfcd44-9a38-4695-97a4-c92ba14e1c30	1	1269
7febc558-01c5-4ded-a1bf-dcaa62435aee	2	3426
7feee525-a8ff-4a59-85f6-2b5190ea3e38	3	5588
7ffb77bf-8164-4faa-bf95-d57a493a81ae	2	3448
8003cec5-016c-490e-9b01-0b422efa48b1	4	24944
80219add-65d9-43df-82bf-d66a12c50f5a	0	205
80293947-87e5-4622-a289-0eb9efa8842a	1	1395
804ab621-6327-4411-be19-b74dba69bfd3	3	4102
8097243f-7a3d-435a-a11e-0c5f886528e0	4	26016
810ae1de-02f8-4fca-9909-cb9119022749	4	12486
8110906f-7b7c-4fe0-b147-81efb2314a62	1	849
811511dd-804f-49c8-988b-ce97a91f479c	3	5986
811bba3c-6690-48b2-a99d-918d2f403f0e	1	982
8141f83b-55eb-4c1c-988e-c856dc1649b4	0	295
8153c6ef-026c-481f-b081-974f2c948d9f	4	55200
815a0279-558c-4522-ac3b-6a1e259e95b5	4	83412
815d04d3-2869-49bf-bd3b-de8a02765acb	0	243
815d4818-2b00-4f21-b82b-c9d8b0bec7d4	1	1053
815fc432-dcb5-4681-abc1-527b4501dd6d	2	1941
8170baa7-8837-496d-90b7-8c6958f527eb	0	229
817ee75d-8c19-429f-8c2b-d7bc958a52ac	3	5202
818b5250-6983-4751-964d-b4adae27fb10	0	291
81971abd-8a02-4d66-a499-8487ba7f20d8	3	7644
81a3d7db-7076-4356-8815-47aafe82b991	0	25
81dd2f2e-4b60-40cf-8f51-18ced1ef78eb	1	1042
81fb30d3-ce4e-415a-9548-6744fffbedd0	1	603
8208bc32-5cf6-4b5e-b5bb-c060a78f7a77	3	7678
8221d71f-630d-4701-aa6c-edbacb7459a0	1	1034
82297b90-705c-4bb5-81b7-88d83fd1d0b4	3	5664
82601df5-9b5a-4fd0-bdbd-399f7cf9c754	3	4784
826e5bdf-79c6-4754-af2d-2c7e2b86561d	3	3875
8280ece2-bd2c-4458-a4bb-e1ae8731c209	1	537
82a96aad-07e5-4243-99f1-f5d8543fb7d2	1	547
82c00568-1ceb-4096-8767-c19bc947bde7	2	1912
82cfa1a1-675b-48b9-be51-e9c5cd2746d8	2	1599
82d1972f-f815-480d-ba78-9873b799bdd1	4	16997
82e4bab1-8579-4011-ab60-2f2100380522	0	294
82ee8ac9-1bfe-4db2-a688-094b33910480	1	1407
82f84c09-7ebb-4c5f-bbd0-c4cc52bab4cc	4	17859
82fc0067-c4e8-40f8-b383-86b31173d8c1	1	545
82fdd34d-6d18-46bc-8977-137bd48a6d25	0	145
831094a1-8295-459d-bc64-ed25e6cc1192	3	9198
83424480-2b31-4422-b2d9-27a2ae1b39fa	1	733
8383f94a-9de2-430f-ba72-6aeec76d21c9	0	49
83a24c80-2d60-4ee3-82d6-760678e2cbd0	1	1264
83d8c079-a39a-42b1-af6e-4a202b8e6ab3	3	9245
83e5d4c7-0e5e-4084-8ca0-f8f93d7469ce	4	17825
83f1cb07-1745-48e6-8576-428604e67aa8	4	71239
83f31d3b-f966-4713-aafb-d159b2b2081c	3	4042
83f81786-9e2c-456e-acad-eb38e9bf96e3	2	1585
83f9f9f8-1cc4-4c9c-97ff-be0107cda55b	2	1542
840551fc-a413-44dd-8817-ce977b999aa1	1	589
840b520a-33ef-4beb-b40f-ccaf1b8a8958	1	825
842e1b63-9a2f-4964-801c-8bb9326585f9	4	21224
843d7768-a3d8-4e66-b632-ede0a0f0122e	0	431
8440a0cf-1310-4f02-899e-de8bc72c760a	0	176
844217f9-949e-4ca2-88f4-e4b01bd3ac8d	2	3145
84490594-c358-40c1-8c27-14bcaeb825e8	2	3240
844b4265-47dc-4867-ad9b-3f83f889681c	3	4842
844fc2e9-cfb7-424c-a83b-5cf83efcf194	0	114
8455e4ce-0a9e-470a-90a2-5ee8e1a6048f	2	3518
846e89f6-6257-4371-a26d-de960a60bec5	4	20131
84730bba-0450-4821-bca2-11494b4df2e2	0	340
8478bd06-dd26-4091-a870-faff2067fed4	2	2749
84c5f4ff-d513-4334-b5ca-ee7ffc496f45	1	760
84d701ca-fd02-4f85-bad7-40a52706d760	1	563
84f246f7-663b-40cf-a66f-336e8b314836	3	5228
8537818e-37c8-4b86-843a-3cbc3f910866	3	9292
8548de51-e886-474f-9c60-15cbfb90fdf4	0	252
8549ac4e-d240-4a86-8685-e355e51b3103	1	810
856d54b1-a5d9-4f4e-94a0-8d8c084d415e	4	10480
856dd0cb-fdb2-43d8-b6c4-276f2acc21f5	0	423
856f9ac4-03e9-4e1a-9fb1-5180f1e9adae	2	3395
8579d918-835b-4c1d-ac00-45a7f4a8763a	4	35122
858fb5e6-022d-4a10-8989-2c6d7ba42fbc	0	15
859216c4-5d01-479b-b6c3-e20cc591a86a	4	18779
8597d6bf-5860-4c0e-9610-9eb2cf1b5c2d	1	1228
859b9ae5-a905-4ef2-a108-75e51e38adaf	1	1257
85a61172-e8df-4887-b10e-d4873727161f	1	539
85b3baa3-054b-4cfa-998a-5533d8f13db2	0	256
85bec8d9-59c4-4051-be75-e0cca7456dc5	2	3275
85ebe41f-3038-45dd-9ff2-83458ceb6748	1	874
85fab037-3b7a-43e4-96d5-b531af0f54d0	0	196
8609e984-8318-431a-826c-25a5d6394c7d	2	2789
86139012-695b-42f4-98f1-1f353f7230b4	4	71964
86336490-e9fb-41e3-9a81-8edfa56785ec	3	6510
86387f02-0730-493d-87db-b5229165ee05	0	487
86400beb-3025-41e7-8540-7719ca56a893	2	2078
86546357-c11e-467f-8d72-9ae0240ee42e	1	797
86845ceb-170e-4bc2-9006-cb360867d04b	3	4519
86870398-e835-4961-b5aa-fefb5c155d6f	3	4543
869a7bb2-142f-45e5-be07-807f12030ae9	4	11758
86a3a19c-eb6d-4b78-97dd-76d5c47620f4	0	85
86a4c4dd-653e-47e4-95fc-485ded6de9da	4	18037
86a80f85-2c4f-4ab0-85fb-4ea6bca2df44	3	5911
86d8cf6a-336c-4c8f-9375-2f93969504ae	3	5103
86f317b2-e721-467e-b9af-4c49a6db2af9	0	79
87287084-629e-4675-a9d5-c7bfc0106bbe	1	812
872a2aa4-08ad-45c2-a219-78943d4ff1c4	2	3431
87693d8d-5f0d-45ad-9662-169447facfc0	2	1560
87712007-e06a-499e-96d9-14bb3689d3ee	3	4860
878a5563-bfe2-4ff9-a02b-4432790df0f9	0	349
87ad7015-2160-4430-81b3-80d6a6a10c11	1	1361
87b5ba4e-d4a6-443b-8cfa-e1f2deaedecc	0	148
87bf7900-ed04-4ab2-8627-7eecd13b3496	4	20738
87c18952-956e-46bf-a4b9-8c13f5a4e3fa	3	4133
87c4b93b-fbdf-4f3e-b8d7-14cdd1e0e640	0	318
8846e4ff-0c19-4af2-872b-7a8dc7497f68	4	88217
8849eb24-3cff-4fa2-b750-acefc3dddf9d	1	719
88543892-2eef-4a6a-a84c-5b8502b80421	4	58198
88869303-2aea-4f96-b68f-631d146d3b86	0	192
889693ef-6f88-4f87-8e42-1efa2c673b79	3	4119
88a01ca8-851a-49dc-a4a5-40b4b7c53106	0	470
88d4097e-fa88-41fa-98f3-6e0752f2881b	2	3153
892efadb-c00f-4147-8c31-ea8cf3183785	1	1126
8930055e-ce70-4184-b385-1f8aa074fa8e	0	465
89583595-b289-4de4-9422-b188205fd8ac	0	504
896f0194-8ab2-4278-81e0-c56a0444b569	4	70376
899486a7-6de3-4975-aab3-5f91002ef172	2	3516
89a879e1-d133-4ccb-87ae-3eedee44a05e	4	38069
89c4f66e-a4ac-49dc-97c0-fae85cd1b223	1	1403
89f17e2a-81e7-46bd-ba13-3ce1f15c04e3	0	440
8a1c4ec3-20c2-47f0-907d-3ae2b71be79f	0	159
8a1f012c-acc1-4dda-878f-43ac02f2366f	4	13316
8a396a9c-2e4f-47e2-a587-c26e93a0953f	4	115379
8a47e2ac-c752-4500-8394-b6b6d5794567	0	127
8a524041-b8b2-413c-a575-653b29d6dff0	1	736
8ac19859-f9fe-43b0-b76d-97b039d747f2	3	4199
8ac9e35c-e92d-4030-99ef-ba4127b1555c	4	52532
8acbb188-0f8a-47fc-a284-d00bee93e482	2	2683
8af92515-c236-428b-a32d-2b1e969fdef9	2	3517
8b0f05ce-354e-4121-9e0b-8b4732ea844f	4	78583
8b31f10d-bfd5-4f42-8ee6-ad74786638c1	2	2510
8b4d99eb-7a54-4648-b299-8e1564d11385	4	28523
8b5105b3-831e-4eee-94c1-45a5c43d8cb5	3	5198
8b64a68f-eb63-48dd-80d9-1c2abcdf1970	2	1618
8b7ea0c9-6a55-4055-affc-978b24dc075b	0	199
8b848946-c4fd-4d86-913c-bca6a4e5388e	0	111
8b8985eb-f71f-4229-9f11-171a7aac98c1	4	17017
8ba46d6a-ed97-4e05-b946-85a8ef93e688	3	7595
8bb81821-3ae5-4a21-bf55-3e08efc9269a	1	564
8bbbbdb3-544d-447a-b22c-327550e157b3	3	7641
8bc09ff5-3f2f-43b8-a388-0ccc17b33ae7	4	33660
8bcb4a54-2cf7-467e-9f04-dc7d9750c645	2	2505
8bd57bc9-666f-4da7-a7ad-1b6e7aeec8bd	0	160
8c072855-35ff-4775-b554-7b30f6b09a41	0	45
8c5ee781-416d-4882-90c4-2f1cf5c2abfe	0	49
8c68233c-c4e2-495d-8ee1-120a600edcc0	2	3511
8c7aa18e-9392-47c7-9d56-97d34d746a8b	3	5323
8c885104-ae2a-43b5-8dae-74f8bdace9d7	0	21
8ca01f46-53ac-4af2-8516-55a909c0905e	4	157708
8caf0c8b-250f-4aec-86df-436e2ededbf0	1	688
8d0d65cf-3d01-4110-bf36-7e1aa27b68f2	4	81982
8d27ada6-efa5-4dc9-90ea-ce76aee91e0a	1	953
8d3716e7-ba2a-47a9-ac16-8af9e8a8c6ba	3	6176
8d55f722-75bd-40e9-b6d0-48d0f5e65460	1	1299
8d835405-44cb-49ea-b223-d5f91e109b22	4	10868
8d9d65e6-afe4-4890-92a6-bd3a5c4e6b0e	1	643
8da7adb2-6c53-43f5-8b51-b312afc97355	2	1969
8e0069ec-0e15-4733-ae84-a3cfe01c50f0	1	1119
8e0ec0e8-e248-40f3-8296-0190c1b1afc8	1	1093
8e3c4aff-f449-4682-a912-d59e6ddc9234	1	1402
8e4ed082-188b-4f23-8b77-d65591c407f8	3	5306
8e746964-2fe5-4350-a0e9-ca09e3b58fe8	2	3125
8e9f4070-4633-4797-b2bf-0a48713cfec7	1	1353
8ead8d7e-0f53-49f1-85a4-a5a59e3c6bb3	2	1737
8eb58532-51a9-4f58-b4ca-4ac70a4a8fad	1	1361
8ebd50fe-f263-4fd6-9c24-de587585ef77	4	11064
8ed03ec1-b8c7-4fe3-a0ac-23415ebbb9f7	2	3167
8ed919fb-eaee-45a1-ba99-b3ede9ca5f1d	4	41656
8ede1549-785b-41a8-b388-eb95cd129655	1	1360
8efaecc1-c8a6-48ae-b196-1907da4f75ac	1	694
8f5c28d7-9fb4-4e0c-a361-53a3a257beab	3	4034
8f7725c5-de2f-4987-9e0e-5d5604ab264b	4	18923
8fb520fb-282e-46b0-a818-073b7e952c4e	3	7755
8fe56ba2-8703-4a85-a2fd-baec40074a14	0	280
90073266-8ea1-4965-a65a-0a27f7513c85	0	302
901ab53e-2952-474c-b77f-7d022312dc8c	1	1066
901ac4a8-1ef5-41c7-bc3a-53364372fe5c	3	4446
901c5926-43be-4f16-9fdf-87953ae8d1ac	2	2089
9041bc5e-7238-4824-9152-87cfd9af574b	2	3430
9048c506-3b27-449e-bb93-0e5d1b356c7c	1	1076
905d9c0c-0632-4fab-a7b5-7d33b9699907	1	1232
908fa819-3af6-4373-a051-75e4827605cf	1	1325
9092d8e1-9b38-4372-a96d-000b8561a8bc	4	54547
90a9e9d4-69f1-416a-bfc4-09552d1b5c6c	1	1063
90d7e428-25f5-4997-89ba-01b740233075	2	1792
90e7c2f9-273b-4d6c-a662-ab2d73ea4b8e	1	584
911808d9-6213-43a7-9fc0-f2f1e0e2fc89	0	12
91199713-88d9-4f57-a15a-fd558ed9e749	2	1714
913bcdc2-4f70-40ac-9abd-7943307b6491	1	537
913ed67b-a8ce-47ac-b843-32f5f668dbb1	0	376
9158dfd7-7d67-4461-ba0a-346dec4355a5	3	9146
9164838c-7c8f-45ed-8dca-7389e8a2f28c	0	360
91823f68-5bbf-4ae7-ab1d-e003046e0db3	4	14818
918aef2a-cce5-4747-a0f0-c33a8ec299cb	2	2132
91915ad9-4c9d-43f5-a8cc-02306eb7cc76	0	410
9197a318-b738-4fbf-b379-ef5c5ec783f4	2	2103
919ccb96-12da-48f5-bd91-ec410d956048	4	77039
91b2f47b-0fa5-494d-a1bd-7c0c12b4dfec	2	2744
91b6382f-f2af-4a97-be5b-86471567594d	4	11504
91bc2f3f-1888-4d08-9fe4-462f36d378d2	3	6039
91d6dddd-c14a-4058-9625-ad4904310fac	4	10233
921f2966-dfe6-4101-95fc-c8233d76f59f	3	4562
922ddcf6-2b69-4bc4-9b40-153cb9fad712	4	22343
924fe8ad-53d6-469f-98b5-38beb6cd9c4d	4	27296
9259493f-7fc2-4b80-97ba-effa7af79a94	2	3572
92653164-7cbd-468f-afa3-b0baa3e05986	2	2889
926bcbb7-fff9-46c7-84dd-569c903dd409	0	366
927dcbc3-9c46-4833-8173-b76e785a4b75	4	17126
929dc883-476b-45d6-a01b-549a0054a739	0	193
92de260f-4cac-40d0-945b-46bb9ead3dd0	1	1054
92df1a78-1d0c-40a3-9c22-43083ca16e3c	2	3236
92e79f89-f59c-49f6-b7e9-47054dee62f1	0	194
932a668a-b3b2-4a83-a45c-bf59758d4393	2	1534
9335f2ee-3cc9-4ec1-a5a5-23253d66758e	0	229
93417644-8cfa-4139-aba0-1ced0a702bfb	3	4362
936addc3-91aa-49de-8ec0-0dc186de151f	4	130614
936d6c0c-ad6f-4ec6-a8f0-e2dd7faf79ec	4	22055
939a2b77-e2a9-4798-a0cc-6f7bb230f7ef	4	9854
93a2a499-19cd-44ed-9fc2-caa79245cf6c	1	974
93aaa9d8-0f3a-4039-8f74-ccde3d15de75	2	2170
94155e7d-b0f7-435b-bcfe-ee41600d7521	4	9939
945663e9-2878-4df1-b972-0e6c519ded52	0	493
9460b357-a0a4-4459-9400-333f32a2e525	2	3049
9490ae25-a08b-41ce-88bb-605f48b8ff63	3	3685
949c127f-a712-40db-82b0-5ef062c6849c	3	4279
949e71e0-9363-482a-bcee-3d21e7ff29f7	0	179
94ad5b05-7843-44ce-b994-b17830478f7d	0	8
94b72bc5-3e13-46ae-8470-0bfa17264068	4	32531
94b7a39b-f3cc-4796-90dd-b1786a62877e	4	45681
94d40ba7-2b35-48ae-86f1-66ea06102693	2	3338
94df8e29-747c-4a74-b281-f2684926b9e8	4	10515
950c8770-4ab7-4dbf-8a1c-f20566b6491b	0	258
9512eed7-a1a9-4e2f-8cac-c10d1448c1ce	4	90063
95593341-529e-40e3-ad57-4622f2aacdf8	1	1062
95692409-79fa-407c-beff-996d630f03f7	2	2984
95b0e81d-2df2-4a30-8e24-7934335dc354	3	6549
9602f764-17e9-425a-b4dc-df98fd4d025f	2	1984
961c05f7-35c5-441f-8b27-a78267522226	1	1087
96287202-da73-4a40-bef3-bf97f8ae5425	0	78
962c12a8-15ef-48b9-9f2b-e2774a440bff	2	3063
963db254-f82c-4aca-9209-a57e1cdcaabc	0	110
963e881a-c5e3-4f6e-862d-a412d2db4ce2	3	4871
96680bd9-bf98-48c1-a491-0ae047b54e62	0	270
96776df9-9167-4ff8-af7b-4d9036c431c8	2	2783
96949991-d8b0-4559-8eda-28eb231f627f	2	3242
96add234-05ba-477c-8e19-e375a398d02c	3	5382
96c1edac-1011-4cb8-882c-27248de35071	4	70323
96f1237d-177e-4c86-9217-2804f82384f1	1	537
96f24cce-09ca-41af-9bfb-73290fb5300c	1	777
96f31a2e-b654-4d6c-8e42-bf478f57e49f	0	152
96f83ea1-2175-408f-a4f9-9816e290debb	2	2295
970d9942-244b-4edf-9604-049b188ce443	2	1807
971f1e02-0bd1-418e-8b25-5b6016d70e87	3	8075
9747dc7f-8242-44c6-9b60-0444d277857b	2	2621
974cccce-9d4a-424e-9225-7e83c121c053	3	4988
9757ae7d-44b1-4d63-81ce-b463fe27b9ae	4	18995
97b10c4f-d17f-442f-a023-b843d124bbbc	0	387
97b20fe3-0924-4a5f-9955-d0b5c5f9587f	4	189916
97b6d23e-2610-43c1-b7f3-876c37414f6d	1	575
97c5c47c-555d-4392-92ec-5c3bd1217228	3	3737
97d0cf66-ace2-4f89-b126-00f1917316d9	3	7979
97d7510d-493a-4478-ab4a-ecd862e73d58	1	770
97e22c69-536b-4365-9934-13426a5da923	4	14696
9803d120-716d-45ba-9eb7-9a120813f908	3	6356
98091205-c85e-49b0-954b-d84dab308138	4	44858
9819373e-dbb2-48de-bfc3-769438b40346	2	1729
981b9396-fca8-4297-8d97-4421467eab6d	2	3107
982bf3be-cfc6-4b19-8e71-3e761c1f12bf	3	4133
982d0f5a-620f-43a5-a1f7-8d07a933835f	1	805
98432769-4641-468a-be93-28be00f93de6	2	3229
985043fa-339f-4624-aa2e-2affa944c2a3	1	720
9880800a-f6f8-4f8f-a00e-b4b664776c0c	4	17991
98cb2d05-0b47-4bc6-b345-792eecbe8449	4	30339
98def633-a119-4e0b-b8d6-738f1243882c	3	5138
98df84a9-135d-4828-ae46-b4bfb3fc5505	1	905
98e834e6-560d-4981-974f-720599e6517e	1	1125
98ed36df-aa46-43e0-bdee-acb8793e926e	1	780
99177f6a-9fc2-49a9-a47a-e14b7fb01c83	0	444
991813f5-27c6-4ff3-88dd-90e750dad545	3	5149
991abaea-bd70-4bc6-9803-2dcb6e51678c	0	384
991b7af2-d245-4533-bcfa-9b52cda62519	4	39921
99329c41-2069-4c12-8e8c-035fdf5127a5	1	620
9948e846-8743-442f-9ff0-fb01401bbfe0	3	9471
996b790a-5ea1-405b-b847-42a59e89d758	3	7761
996bf74f-a1f2-4837-9b15-3dd9cfbb3018	0	163
99807116-f539-4359-a37e-05fff31271fb	2	3132
99b006a2-1ffb-4307-9723-e17c51dffd7d	0	245
99b0c6f4-3a42-4052-9caa-c5320b3596bc	3	3697
99ce2d7d-35ba-4e5c-97b3-13c6ab4db5a1	0	175
99d79171-66fd-4626-8ba1-9d5862a4a9a5	4	9906
99e5bcc2-1792-472b-880e-7fd415700c35	3	8059
99e9b8ff-b8ea-4019-a073-acc9fbc93bbe	4	39225
9a121283-e355-4741-8729-f4b84650ff78	4	27810
9a1384c2-b698-44c8-8e22-e57a330b40d7	0	47
9a3202a2-f27d-45d0-899e-dc633a2c46ff	0	418
9a3b2d4a-2da4-49c6-9ab3-c680434dbabf	4	16966
9a3f8fe4-f227-40a8-9da5-fa9af98f768e	0	175
9a709693-b4f8-4da9-8cc1-038c911a61be	4	181052
9a78e16a-2e3b-44b5-8aee-4546f4f4177f	3	4159
9a885c25-3fab-48c1-91d8-0bedf2991999	2	1871
9a91d910-9669-4043-819a-c2567b9a8bd0	0	425
9abfb2cd-7a7f-444a-b1db-7e5dd1def050	4	12366
9add4bb4-0d36-43f8-a0ff-6daf2b4dffa2	3	3691
9ae3030a-568d-4939-bc8a-164770fbaa68	3	3668
9afea39c-0b45-40a0-87dc-bafb180b6fd3	0	224
9b16908a-a78c-45a7-8366-d2a41967f745	4	32896
9b2a1ef4-0e6b-4ddd-99fc-cdf223dccb08	4	19190
9b70bb85-fdb1-442c-8667-0cb081a2aa44	4	39840
9b710be8-4867-4db1-849a-f812c086ed8f	0	420
9b78f51a-c0f2-485c-ba28-fb9bcdb619d1	4	9946
9b8d6e11-05a4-4688-9d96-ad746bfedc41	4	26941
9b952ee8-d45d-4a26-8066-57849d871e06	3	7357
9ba6d6c4-12fd-4500-a5d7-7d85fe4ee2b9	3	6094
9bdc9896-b57a-46e6-b2e0-0255d7255bc7	0	223
9be5414e-b906-4659-9c59-012ba7f7a154	3	6003
9bf53ccf-fa6c-4b33-857f-96a3d0117f2f	2	1841
9c446bec-9272-4828-a958-9dd43e33cc97	2	3222
9c51604c-a456-4e3e-8f85-cc96ec0df439	2	1538
9c58542d-d049-4f3b-a6e1-ff75d87472eb	2	1723
9c615217-2827-46e0-b6a6-292eb232a950	3	7069
9c7fd86b-c3dd-4f71-b4e7-7b1ed4803d2e	1	1214
9c90ffbf-b137-4dee-bfcc-b8010787840d	4	9865
9cba57da-0a50-48d0-8a7b-232e31e196a0	3	3650
9cba6b36-ed3a-44d5-85d8-bc4181905f41	3	9515
9cd2e6dc-c491-472f-bbf0-fb40b50e5dd0	0	209
9cd9247d-cb23-4d88-b22e-df93201c9652	2	2306
9ce29a24-b118-41a3-9297-2618f26b124d	4	27622
9ce674b7-5180-41f7-9ac2-95dc0d8a0ed2	2	3329
9d043b12-6ec0-4b11-b4fe-b52cd2137307	0	257
9d1ebcfe-4c15-4d18-95d3-d919898638a1	4	257282
9d235478-e372-46c4-ba80-ea51efff658c	1	1289
9d2db31f-8904-4c5b-a1ac-58ba91ce0601	4	22680
9d3ecb5a-4669-4a4f-8559-570245e574b6	0	508
9d67d84e-ea86-4836-b2e7-98bb03ed45d9	3	8107
9d952001-c886-4ed3-b971-568e79d83607	2	2543
9d9f7ce8-e1cf-4413-b2c9-b90b69bc17f6	1	1420
9dbc6621-5cfa-46a7-8733-2e417860da60	1	1005
9deda039-0bec-4b0b-8c77-b17cff992afb	0	234
9df686a8-d33f-41ca-b318-5ef878cd85d8	2	3332
9df7ddfb-75fe-4470-9269-5810d9263b09	3	4232
9df9b90e-53ec-458e-954a-69650cbe84eb	4	24902
9e064332-1414-470d-97dc-1d057be28506	3	5405
9e48a6ed-af9e-45c8-9b2e-f4761df8db1c	0	52
9e494977-83a9-432d-9b6b-a037f8328ecd	1	705
9e50229c-1f4d-41f5-870a-e4a6e230b535	0	255
9e52fbe2-dcc2-4720-9ddd-9ad8202a5287	2	2954
9e610532-f21c-4670-8e12-9f18a4536077	2	2022
9e72965a-caea-4146-a027-be2b32c536cd	2	1492
9e759871-95c1-49d4-8c59-c171a01c9d8f	4	11163
9e9632ce-d3cd-4e1c-ae6c-7f9f6fe01141	2	2192
9ea9d9fd-d681-4724-b913-6702caa25c98	4	16430
9eab62e8-99f7-4aac-ab10-5192bd8f2807	2	3194
9eee52ac-4dbf-407e-b3ff-3b4f8a0becf0	0	65
9f133e88-d2e6-482a-9482-c4442f57913b	0	209
9f21f416-5aff-434b-8f0f-4c404e301379	0	502
9f2524e1-cda1-4304-941e-ebb448d32a16	4	47467
9f26c55c-9cd1-46e9-a478-67700815f61d	1	722
9f404893-1218-468f-9833-a6f73a3be9c5	1	727
9f42ba3d-3cfc-499c-ba16-7226f56b622f	3	5819
9f45a26c-6d78-4328-89f7-3ad01744cc2d	2	2059
9f47e427-c31c-49fe-90d6-92ab6029d405	4	44838
9f7aa025-0554-4783-bd08-10481ca8ee73	0	111
9f7fccba-6881-4464-93a1-066acbd2def2	1	545
9f822f15-4f26-4a53-9333-d569c35d70be	1	567
9f93e223-e9ff-4db3-8ee7-fbd949ccc826	0	236
9f94e88e-cb13-48b2-8c3d-6ff1181aca80	4	29778
9fa3ce23-5b77-417c-a70a-10d177c6176a	0	433
9ffad8aa-b671-4a9a-a527-a95bdaaa0ec4	4	78963
9fff2f8a-21e6-47de-a2b8-7f449929d43f	4	150779
a0108d9f-5642-4cc8-ba87-747d32529700	0	199
a016ee9e-1f49-4906-9b1b-31b3ffb61c7d	0	331
a02521ea-ba13-492f-a662-90d0a19e78b2	3	7969
a0391643-c1e9-43fa-abfc-607411eb8665	0	250
a03c3556-975a-4529-beaf-e98ccb0b3060	1	1401
a06bdf84-1cf1-4cde-bdb7-840c2e60c5fc	2	3016
a0b7f27d-0e0f-439b-aaf4-7daf5863d7af	2	1674
a0d47559-6ffc-464a-a4d6-30777e5c76f7	2	2013
a0d4f25a-ebb0-47b3-bfb7-8d0d42870001	2	2481
a0e8a619-e35f-4dd8-8062-252db63cf206	3	8402
a0fc8f79-fa55-406d-8a5e-b1ed237c1b70	3	3594
a1221205-1526-4474-9f10-caa822779fe2	1	745
a1630b32-a887-46fb-9c4c-6aae56d492a4	1	1433
a1688f12-78be-4094-b096-87b261389719	1	743
a17e6bfd-c924-4786-9fd8-a0be4f30459f	3	3844
a18639ec-82d8-4fe5-8a08-9e62f3b7a3c9	3	5885
a1b20750-6757-4bf6-8235-4e1fc45cc46b	4	18407
a1cf1713-f05d-4a43-8e0f-0feef3f38ff3	2	1567
a1e663a5-beef-473f-a7e3-312bac0bed53	0	467
a21318db-f228-4a4d-8bce-6947a62985a5	4	26610
a21b2652-62ed-4767-a3d2-0aa802abf080	4	18040
a223958d-5c56-4b2c-a30a-87e357bc121b	3	7255
a241ff5d-858a-48ef-821d-6e421486882f	0	472
a262543f-6ab4-4ac7-86f3-4fc09ff56f3b	4	27434
a278331c-1b22-4ebd-b93f-4408bd96f9b8	2	2378
a2a0733b-5c6d-46a8-a3fe-ce2be7ab5ba1	3	4867
a2a23f36-a945-4d73-9078-4d655c1c2f4f	0	8
a2a83189-819c-4a1a-ba3c-e95aa8196b9e	4	11134
a2c6847d-16de-4f26-b57f-5abc4441d20e	2	3281
a2d42b53-61d1-40c6-bc63-3ffd2ea51100	2	2775
a2e108e3-8b4f-4886-823f-45202d1d8530	1	1087
a2efeb31-a895-4a9e-be4e-c1f183e5edb3	1	1431
a2fc968a-6155-47c6-b732-6045c455c457	1	1271
a2fcf471-0fca-44b1-b074-ec45ad59e205	3	6127
a307fb91-ed8a-4d8d-b68e-3def1982ea24	0	259
a32d62a0-fa8c-4998-8454-b0799e0715ba	1	811
a3656c7a-5a7c-4e68-a903-5fcabcf36481	1	687
a36c67b0-8712-4e60-8a52-f8c89fac20c7	4	12706
a382adc5-1c9f-42fb-a906-13b3c608cfb7	3	7373
a3842d12-306c-498a-ae1d-03ee40e3f2ac	3	5572
a39e18ed-7ecc-40d9-9202-db40964bf761	0	292
a3cd61ef-7fd4-44af-a27f-99641a82b22b	4	106879
a3d17159-66d2-430c-ae9e-ea58ac959bf0	0	264
a3ef8948-afef-45f4-ae6d-97d98f33fa85	4	14618
a418cb79-a05c-41fb-8dd5-2de920303cde	4	10450
a42e98aa-e0cf-47aa-8c37-ba2c3b270870	3	4149
a435608b-b84f-4f54-8161-5d87322c3a67	2	3403
a4453e3e-2488-43aa-b938-26fa8042da61	2	1642
a4483cfd-00d3-4419-b00a-a8622248e545	1	1221
a4b3fb24-a04e-4249-9fa5-5a198ca9d73c	4	15383
a4e2650b-938b-4b72-95bc-6e229cd34601	4	50607
a5171273-7c17-4628-8bd2-c372e5cd9586	4	11052
a51bdbed-32af-4e2c-b900-d01472faaf75	1	1301
a5239c4f-0eb4-42d7-bf39-0fe186a7a81a	3	5437
a5559b8f-1b2e-4e7b-89a0-d99846f180f9	0	318
a56f5af0-3e87-4877-b68f-390f62903381	4	13129
a5995226-6e87-4390-b73a-2e56366f0f5e	1	1400
a5d412b5-d7ca-48e6-8183-24586fa87382	4	15273
a5f0f298-776a-4909-bc09-4fd56a680542	2	2449
a630b133-bcc4-4796-9a0e-685c68b1e6ab	4	11958
a63c0550-630b-4f19-9ead-231e809148cb	0	473
a644724e-db4f-4885-a6b3-c86b52d2e7da	2	1562
a645c08f-613f-4ec0-bc8e-dd497fa29e7f	1	920
a6541e72-bef8-4fd8-9f13-b2ffc484fe16	4	15201
a673bef0-63d1-403b-ac20-474dbfc38d86	1	1161
a695bf53-24c5-4814-b33f-387492ee3e7b	3	3832
a6991989-9965-4214-8c55-ca4f0592a8b4	0	399
a69f2856-5e67-46a1-83a3-fad5f8588462	0	57
a6a4a7b5-858a-4c0c-bd26-d034661dd2c8	2	3313
a6d3a1bf-ee78-4a6d-96b3-1bd9769128c4	3	6013
a75f009f-7234-4f69-81a2-c1f7492f4106	4	12494
a771caf6-572c-4a29-a9c3-c86d83b65a42	1	678
a7d483fd-490a-4bd2-9236-8292c4747e60	2	2349
a7f01f95-2a19-4f66-bcad-6b001156b81a	3	4542
a80f56d4-2030-4422-a365-2ed209ecfb58	3	6146
a829cf91-2f86-4325-a8bb-c1e97ea52052	3	5158
a82f36ee-b394-45dc-8303-0e61f968c285	2	1713
a837db0d-fbeb-4a68-a1e0-7803ab259085	3	4743
a85ad557-571a-4b65-a9dd-4335f43fde46	1	738
a88863ae-4744-44aa-b15c-54363cedf9d2	0	192
a89487ab-c852-4459-ab65-95be7492b8be	4	20320
a8b39181-6939-451e-9641-2db231b73706	4	17359
a8f1862c-4447-432e-bc9a-e3c86110338c	3	4708
a9044915-8be3-4c7e-b11f-9e2d2ea0a91e	4	158021
a9112fb8-90e0-4ef4-b3a3-29a1f807301b	0	356
a966e841-bf19-47b1-93a0-44a310bc1cbd	3	6499
a96ac800-bfcb-412a-8a63-0a98df600700	4	269729
a972d476-58fb-476d-abf6-2230ad54b8fd	2	1995
a9748b2c-4bb5-47ec-a113-ae7316fbce17	3	3611
a980d55e-7117-4abe-8ccd-7a4148c28e9e	1	758
a988fdd4-0499-477c-8ddc-355514e47d32	3	5398
a998eed0-5e5f-485c-8c96-92d02c3f28dd	4	38600
a99d0050-7a05-40dd-9e83-a44e15604dfd	3	7607
a9c0f790-821a-402a-8697-f2ad78ad7108	1	782
a9c70ff7-7a9f-4ad0-beac-eeb693fedfa4	2	3192
aa0a54b3-d37e-4c1d-a53f-b3b94a3dfcad	3	6407
aa2eed7a-1bbf-42ac-8b25-fa89bb3baab0	0	228
aa581bb6-553a-4188-bccc-9156422405b2	0	314
aa60e443-8a41-4bfd-8fd7-fa515eb57c2f	1	1284
aa77071b-1896-405b-a502-a21515f961da	3	7428
aaa57571-e6ca-40d1-bdd0-e5fe3aae6d66	0	207
aabc3d78-218b-4e98-95b7-fe6388adef2d	2	2322
aaff7c7e-5793-4fa7-9a7c-9af3b45e8132	4	26147
ab08ad0c-db8e-4663-9218-5af45cb44c46	2	1959
ab091ce0-5783-4bb9-a940-83b137cfef76	0	336
ab17eba6-ea50-4062-b462-301245db5beb	3	3616
ab3815a2-8d2c-4779-a967-8f43ce7d6faf	2	2220
ab5cdc1a-c621-4b27-b2ec-36969b6e2b0d	3	5322
ab5ef906-5eb3-4efc-bc4e-265580f336de	0	130
ab759537-07e2-47f2-84ef-aa1cc75eff57	3	3635
ab8afecc-a99b-449b-8d78-7d6a4b95589e	2	3050
abc31be8-02b2-4bb1-867d-604d50b7be78	3	5977
abc628ad-a06d-4fc6-9a59-2c24065a7c5d	1	672
abd2caad-c45d-402d-a104-6c06442c2c5c	2	1977
abe8bc67-73b6-4837-95a8-bfedb37dcb28	1	569
abf876b7-16fd-49a6-a05e-49921dd2c10f	1	544
abfeca5d-40d4-41ec-a1f1-fb6c40e847c7	1	531
ac189b8c-86fe-4f05-92a5-2ab5350edcd0	3	5187
ac1f0959-c578-4042-a947-0483df296e9e	1	1368
ac52cfae-9863-4b06-9513-261cc9948725	1	645
ac68fc1e-8a82-4a39-a6bf-5425ece2b6f0	3	5830
ad0a5e1e-4926-4d4d-9b0f-77fbbd19439f	3	4952
ad1b055c-45a6-40a4-bb1f-1eea81632433	1	1044
ad303597-53bf-43d6-955e-3e1b01702e9c	0	319
ad322b8b-31b2-437d-8fd8-1af13c1d7b91	3	7235
ad439368-4054-45f6-a285-cce3a9bf65ad	3	3790
ad5079e2-f4d8-455a-9280-f34d80daa93e	0	289
ad57379d-457c-4172-91b0-53604071c5b4	1	1424
ad92b2fb-687c-4982-9889-911315306389	2	3098
ad98e406-4be8-4883-bb40-00f58f343b76	0	2
ad9ec5c1-f84a-42b6-a0c1-9c4606827d05	0	6
adad5e93-29af-44e6-88b1-fdd07783c6e9	1	1171
adb6efd7-a812-46b8-aca0-5862f20f00a1	3	8540
adb88c8d-7f5c-4776-92b9-fc42e08e2949	2	2372
adbb8ad5-f3b6-4dd1-9db8-4b4d7502a796	4	22139
adc589b7-fe7d-4b86-896f-399c7f2d3996	2	1856
add5f522-25df-41c4-815e-0ca9f60b83e4	4	13187
adfb93d4-62c8-4af9-9928-642e62a78467	0	202
ae327fae-37b3-44ee-8640-fdcc0752d579	2	3292
ae373292-6402-49d9-8f7d-45f88e866dcf	2	2119
ae375871-5e10-41aa-b8f1-d89fdefb0855	0	114
ae3ff4b2-5a30-433f-acbb-953c41ccadf8	2	2834
ae79ff82-e327-4230-9b29-880d92634365	4	40781
ae82d6ce-b6d9-4d5e-8887-bf9725eadb7e	3	5594
ae9156f5-1ed4-4c42-828b-fe1f7b1876a7	3	6144
ae952d46-0f36-414c-90d4-f202ea2d4a71	3	5390
ae99a43b-6194-4ea3-9e42-acb17012337a	0	497
ae9d8ead-0041-487a-ac4a-82758e495273	0	197
aea9b5e5-baa1-4abd-8481-a5b85a735b4a	2	1525
aec527f5-a118-4f58-8761-3688e23d024f	0	298
aedb1c05-5011-40b0-8b44-373be7b1a4d8	0	314
aedccf2a-665d-4ddb-b704-fe4c8e0b465f	4	11077
aede71d5-ed04-4a9e-803c-479080aeca13	2	3075
af1735a0-8e58-41f7-a091-03d2578e9a51	2	2775
af1d0c05-c83a-4f57-8b27-490f9e601107	0	43
af368247-36b7-48d7-9e47-2c996ff84147	1	758
af36b5e1-e595-4199-a85d-c3e80f78cd5e	1	1129
af432cb6-d89c-437c-8780-b6ca8d115bad	4	13193
af480a50-843b-4377-a5f3-18c91db7edc3	3	9542
af8bb921-4d67-4f0d-ba17-6215315f92e4	4	41847
af9d639e-7cc6-48cb-b08a-8d7749530202	1	805
afcd06ad-b8ca-4594-98e7-33692b63dc2d	0	245
afed6e5b-e87f-4ad7-9c64-4b60a6ca79f0	0	467
aff38af8-f53e-48de-95e2-c49553df261b	3	6828
b01d3dd5-abd4-4056-88a8-d25b7d9dded8	0	81
b03866ae-08fc-4155-b7f5-1658b8a7a037	3	4116
b045fecc-6661-4de8-887e-528410a65a95	0	328
b052fa5f-6af6-43e6-9ac3-458b275e9fc3	1	579
b0704195-0cd1-46a0-98a1-59f45114c387	1	739
b07793f0-bf47-4e3a-9655-f6d673479c17	2	2358
b08fd6cd-1059-4ac8-bc60-4094844ef166	0	520
b0927e5d-1caf-4f71-860b-4f58c5198b38	1	1148
b0b2edd3-36a6-440f-87fe-e8a78ce3ac2b	2	2155
b0e4995f-00c4-41aa-bbdb-f45b52645e5f	1	551
b0e50c52-d39e-4693-a9d6-bef208ecdc7b	0	280
b10806de-2198-4313-af6a-13df4acb912f	4	112532
b109e75a-89d9-4fb2-843c-c0418b755d4c	4	25284
b10bbbfc-cf9e-42e0-be17-e2c3e1d2600d	4	418279
b1409908-c5ef-4833-b202-e7109fc4eec4	1	1223
b1453649-6ff6-44bf-a71c-9e6062298c7e	4	15272
b15131ad-5e0b-45f7-8653-8c6d25aa3ac9	1	695
b166b2eb-39d8-4667-b56c-96d9c2c11de3	1	744
b166b962-3042-4fef-b33f-4ac22dd80083	0	181
b18a0081-f4d3-48fa-b83a-592036943682	1	681
b195e6bb-92b8-49a7-80fe-cd6a9b199622	3	5530
b1a25185-3dac-4876-ae0c-13385b32dcff	1	928
b1c93be4-fb6e-4985-b77d-d2cdc350d1e5	3	8112
b22e6d10-fb31-42ac-9647-fb3c13e3c2d3	3	9335
b24a95b4-7ed5-495b-a8c4-e68bf736ba7c	1	801
b25fd2e1-437c-4b14-949f-45c71a0d7a7e	0	245
b267ca80-034e-4dc1-9ed4-ec45f1fed41d	4	176235
b26b33a5-8ada-4eaf-b92f-2b1669b8004c	2	2056
b2701915-ffcb-4859-a3fa-083477ec7172	0	215
b27229bb-5669-4e98-b4ce-0158b2451fe8	2	3209
b2aafc94-7c13-4598-9ac9-192958e6c64d	0	119
b2b952c2-4b5c-47ca-8c13-e0f3af90741c	2	1679
b2ba5630-972f-400b-9c6b-e98bcf4137a8	0	433
b2bd4745-74e6-46e9-92fd-b3e4714e310a	0	338
b2df1b4b-97a7-4229-925e-e3f461ee092c	0	229
b2e260ff-7718-4f70-9d4e-cc14ee784a0c	3	8946
b2e8dd67-ed56-402f-8769-4b6e288dcba9	0	193
b2ef3439-9697-44a5-ba3e-8f8fe139001d	0	103
b33ad139-56b1-4f16-b778-1386030c061e	4	14709
b342d50e-401c-4c77-b7e4-2b3e7beaf00a	4	15693
b368842e-8fd6-4e95-98f3-aef293efd518	3	6217
b38dddeb-a858-42d3-87c9-dda8eed23b08	1	722
b3977da4-f899-4328-921b-ecc599a5618a	3	5249
b3ae4278-2daa-4e83-9383-7c2c3bfd327c	2	1740
b3d3a008-aa3e-4ddc-b1ec-bef10bc1a22e	0	318
b3d846a1-d95a-453f-b024-a4dfa0f01847	2	2021
b3e91a0c-54ad-433d-a381-1b364f8ab320	2	1509
b3f83f97-92c3-4eb3-afbf-87c1b9a6f0ed	1	1359
b411483b-e9cc-4b4f-9661-0452333c615a	2	1969
b43965ae-1a17-4076-917b-4815a0fce36e	3	6496
b444e2f9-0451-4d2f-bf43-849224e995c5	3	6850
b4681cdc-4002-4521-8458-ac812f1b6d28	4	12515
b492eaf0-b35b-4737-a17a-cb1768af399f	2	1500
b497a9a7-291b-45bc-ae1e-3629d582757c	3	7246
b4c4c0b9-9d1b-4dcb-9430-1f2c9e821c9c	4	12572
b4c97dce-aba1-4065-b0f2-6a7e46b1b6a9	1	584
b4d149dc-909c-4a2e-bf01-03a681d19fe2	0	246
b4fcb8bb-b43c-4c95-9ce5-174aee872c37	1	772
b5402cac-a7b1-484f-bfd8-b8e97c6488f3	0	47
b541c9cb-20d9-4fc4-afde-908c3014b763	0	89
b554ebf4-5b85-4c06-9262-a33a21c5aa70	2	2483
b574bfea-2359-4e9d-93f6-71c3c9a2a4f0	3	4294
b59ac58d-036e-4bba-8112-c32a34c4575b	4	84355
b5bb59d1-19e6-4717-9001-b411032b003f	2	3040
b5dc46fe-1d6e-41da-bc10-9ee63390512f	3	5154
b5ee58b5-17e8-4c58-94fc-221875399590	3	5661
b5fbf372-05bb-45d3-b3ac-bf60f291f876	0	340
b6039804-08a4-4a35-bdbb-f8164b7dada7	1	1100
b6056880-789d-457b-84b0-8db84028a667	2	1623
b6124e70-2f6f-4edf-858d-dd886e0ec73d	0	314
b67647b3-41a4-4a7e-bd58-612160f4d533	3	6112
b677acfe-003a-409a-aa1d-3bf8d91ab0e5	2	2302
b67fea0d-fc33-49cb-bda5-48641b3661c2	0	293
b68591fc-39a8-48b5-88cc-13bbe7d978c5	0	41
b698ace2-7f92-46de-a9f4-f14418f79eab	3	3587
b698adb4-9805-4766-be66-623415b580d7	2	2331
b6e98026-6cc9-4c4d-93d6-ba39970a9239	3	8962
b6fd87b6-c2ce-4241-a11f-fea34a9bd028	4	18069
b6ffa1b7-1e3e-40e3-946d-0ea794e4106b	1	1090
b7046afd-a7e8-4c43-88c7-d1ebec85781b	3	4720
b7302cd1-8f0d-46ce-b869-872922c4002d	2	2564
b7324306-f35b-4d40-a467-a4596017d150	3	7827
b7372278-c1ca-4dca-b365-91801dfc58d5	4	21378
b73e9e46-e71e-4815-8aca-54d286815489	1	772
b76e48bd-6cb2-4eda-bbd8-f87ba9c4b47e	4	17479
b77f8dc3-3a41-4ec2-a634-286a38463648	0	257
b7aca0d1-d56d-4066-b204-58ecaafc88e6	3	5572
b7be7cdc-d77d-48a2-8d5f-f273e6545dd7	4	13253
b7d0ca79-66a7-41e0-bc65-0159f9a77da2	3	7721
b7e6c7b4-b9be-4452-9fe2-fd0ae2483ee1	2	3256
b7eb7b38-7f51-45e9-b583-64303b24eabe	4	22677
b7ffd2af-418f-4be2-bdd1-22f8b48613da	4	287208
b85e7c33-f2cd-49a7-a2b4-50c132ba82af	1	671
b86942c6-be26-4498-ad50-76fa74a15080	0	444
b87963a8-451b-4b19-b200-e6e91113bd0f	3	6969
b8cc4457-3bbc-4eb9-96c0-7da3acf0f1f9	1	664
b8e5c543-cf60-4bd5-aeaf-20f56dd9363e	2	1611
b8e60837-e646-4f18-8f92-27d1173511b0	3	9678
b902715e-669a-4761-8008-9f56b0389008	3	4715
b92e2ed6-9c1c-470c-b6d1-298159ed878d	3	3792
b9558ce8-b1ca-4fa2-9da1-db34b49e7e60	0	349
b9696d80-70c9-4c3d-be9d-8a525b125d23	2	3542
b982e7e7-bbed-4c86-91c4-db5267e3cc9b	3	8606
b986dfc9-de13-479a-8c26-127e594eb352	0	76
b9a2a9a6-7a40-48a6-bcb1-8eff5b89ad5b	4	137544
b9b1d6e0-2920-4d21-bdeb-546a032d7dd7	1	1295
b9cc366b-fde1-4484-a49f-6d5b51d5ff3a	2	2356
b9e16954-0de4-46a8-a3fc-a33603a37df7	0	400
b9ef5381-6812-4599-a047-38b18ab2c888	0	62
b9ffe330-729d-434b-b34b-9dce5bad0f70	3	8773
ba2d00d0-a9a9-4664-8c71-eba0bc7b3b79	1	1174
ba2ff5ad-b5a4-499b-aac1-b31fd093112b	3	5662
ba5038da-b76b-4863-af7d-eec8c8c5f400	0	58
ba503a17-848c-4773-aa58-208f4163124f	3	7346
ba528dcf-803d-4f51-b15a-b04c752b277c	1	835
ba690bd7-36c3-4b85-a9e8-81fec402e624	0	434
ba8d1520-6bee-4a8a-a413-46d58e863201	4	28909
ba934f3d-4e53-482a-a632-6848935de50c	4	13310
ba9afaf0-ef3a-42a6-afe0-f924193629bb	4	34563
bae2583e-4f28-4658-8ed7-dc9df9165314	1	1365
bae7ed12-9906-4390-8aaa-ed0ef4387e17	1	925
bb110dbc-8daa-407f-a04b-f569e7a5ee7e	4	19528
bb135618-fa72-4bd5-a0fb-9710d33931f0	2	1657
bb24f6d3-f1b9-48bc-a8b1-fcd4fe3bb97f	0	177
bb276148-faf8-417d-853e-d56086f99f00	2	3379
bb2931a2-a9f9-4a40-abfd-19dd76f6edce	0	240
bb29e072-dfed-4dcc-bced-ebc63ef81c41	3	4230
bb35274a-dd88-4438-a0df-9f16e1b47703	0	195
bb54817c-6829-4ccc-bc58-030abb85c583	4	18356
bba897d7-1d33-4ac4-8440-0785cd0d2342	2	2583
bbaab51a-fac2-4995-8119-8f2b45bc3b4a	0	424
bbb07300-49df-4609-8454-bdd97e8e9d9f	2	1603
bbb93189-e847-4149-99d6-35f2fe8c999c	1	725
bbbc8e69-0668-417f-8c68-a97ce674edd2	0	505
bbcc9824-31c0-4c70-a7af-d24090ea161e	4	15595
bc12bcac-4a2e-4ce1-9b7b-11d4cc9afa25	2	2882
bc1e2e36-3843-4947-ab5a-2a8117337fad	0	263
bc220765-272f-4c24-ab92-f5eda36fc00e	3	4659
bc27c60a-a967-41c9-9633-c682ca0d77d5	4	39246
bc3d0e48-8d65-46ee-9ca8-97e12c1d5b0a	1	1192
bc51445c-de61-4873-aa3b-86ed1459ef15	2	2844
bc8f68a3-9f43-491f-93a0-b8c19d801a27	3	4584
bca2411b-912b-4baf-ae2a-e51dc4ac5cd7	3	3929
bcc09f14-b684-419e-a165-c7859a7b3bdf	1	608
bcdf9056-6d35-44aa-a7a6-ac5ec5043fee	1	1219
bce172fc-51bb-43f7-9a25-b406a0a581d5	3	3849
bcf80b0b-af01-40e6-86ea-608800ac3dfb	0	177
bcfa6204-4da5-4d57-95eb-c25ed9790ae6	3	7517
bd077945-0305-4899-8f37-ca77cb62bb21	0	197
bd268536-b428-4e8f-b358-77b0622b62ff	4	10301
bd3b1f63-946b-400f-acd1-cac0c1aa2115	4	45457
bd5c142a-3a42-450a-8819-977b7ad4391d	0	525
bd5d5a75-444e-48d4-8eb4-724067b02d67	2	1477
bd98ca2d-014d-45b0-9eac-d219e3dd92ab	0	13
bd9c9941-9ad3-46ee-befb-6709c8f455be	3	6286
bda8e4b7-d2c0-4d72-9f7f-6bef4ebc3b9f	1	661
be0e9a66-3ac8-4f9d-adb4-0c8e6a373388	4	13041
be37a97c-3a70-46bf-b007-8e7a3e133b31	3	4902
be3e5c20-0ad5-4992-9dc5-bcdc2ebfd250	2	2433
be8879de-fd45-4202-8245-5889586ee4cf	1	975
bea308e3-7692-4968-925a-745ecc03a2d0	1	716
beaaee32-36df-45e9-aadf-ffb62cdac633	2	1538
beae0387-b082-4901-b87e-e336706bd727	4	30854
beaecc2d-20c7-4221-8fd2-682c82f0faab	4	43576
bebd909b-9d0f-4745-b320-3ef1a7e934e4	0	203
bee5be2b-0c22-45ee-817d-b744ea6aa6d3	2	2800
bef01ea7-3187-400a-a649-697a5eb5d4f1	0	234
beff21d3-88c7-4ee0-8b7a-40b6db22c6d7	4	189563
bf113c9b-4477-4b4f-a823-3b1cb2d9e9ec	2	3118
bf1b23ea-9b76-42cf-a5f6-4a691e81af5e	4	24750
bf307de0-a1c5-4cd9-b7e5-aa6d8aede3fb	4	16787
bf8cc46f-f6b5-4452-bde8-32dc4876d687	2	1691
bf92fdf7-9970-431d-b2cf-1afa7f1d4535	0	293
bfdf7a26-6346-494c-bb43-eedf4f2e6b18	0	21
c01d4519-fb62-44e2-a845-5d19bb35b2b9	2	2246
c025be55-6df9-4cab-b569-18d34ad8b07d	1	709
c072647c-d5c9-40da-b45b-ff6142c91ca1	3	4923
c0770b83-c97d-4cf7-a882-2cdec158b711	0	348
c0b6a3ee-ec0e-4d15-95b4-4d45c2bb3d89	4	10100
c0ef2ba5-a7b7-40ea-bd27-30acccfcac11	4	10037
c0fe9d3b-526c-491e-9814-a81571ebf2e5	4	20502
c0ff7309-9e14-442e-a8d5-220915896e92	2	2288
c106c230-ab47-4550-adf2-d27db91f0b24	1	965
c107d217-32ce-4744-ac35-87d4a1f74116	3	5438
c11ba128-03b1-404d-ae88-452524b7ecc3	4	42780
c137709d-9771-4472-8569-70e211e335e1	1	1313
c15d8138-0ada-4dc2-acfb-2b317cf92f95	4	12219
c16fbb7e-57b1-462c-97c5-bd0e11248765	4	41806
c173e3f6-2af3-4b77-b9d8-a002b7b024f6	3	5523
c1839df6-1f9d-4469-bbda-7779cc3da7de	4	14759
c1953911-81f9-44e7-a1ff-8ffe11fea30d	0	66
c1982570-8efb-4cf7-bb5b-c9c026c0e8f4	4	23155
c1a07a33-72c3-4f2d-801a-37c57923daf5	2	1879
c1b441e4-eb98-454d-a940-e139e710206f	0	181
c1c7945a-159c-454f-8ddd-430f9cf4667a	3	4347
c1f636bb-83fa-4efa-acc2-835f1906a70d	3	5125
c2165dee-d547-46dd-82de-b60c7be58893	1	762
c2764f38-febf-4e47-a0d7-687980aabf38	4	71009
c278de2c-9696-4fdf-a919-0781cd945e2c	2	2101
c27cac8e-4c4a-48c0-a4ba-41399b9c176d	4	32448
c294ace2-f026-4751-825a-46e8e14c49e0	2	1767
c296e10c-110a-4103-9e77-47bfebb7fb2e	4	292090
c2b967c8-e9b5-40a0-86f9-c2941d7434d2	1	1017
c2bb745c-1655-463e-aa24-8007578a2d49	2	2031
c2bbd760-e67a-411c-ae4a-7d599aa38fc6	0	37
c2deade3-c5e4-4061-8c13-9bd8f53a143b	1	586
c2e49f7a-cd6f-48ca-8596-b03614ea4fe8	4	44191
c2ec5859-f53e-4397-9d97-d47f653ac388	2	2963
c2fa92ce-429f-4a32-81e6-ffc3baecdf23	1	620
c3000ac5-cc2d-41f5-93b8-98e544a308d8	0	422
c30120ec-abe6-48f3-a840-379e7f92b649	4	20007
c32c4e72-ee6f-4a12-b8ec-2d8506387ae2	4	34302
c33601f2-6d6c-411f-b66b-580567e11587	0	49
c34c4e50-da03-4f4e-8267-21c0f0040124	2	2206
c34cdf50-a63c-41c3-9ef9-7a6be1fcc9ce	0	63
c3694ddc-f7e5-40dd-9fad-90d11a2c50fa	4	122077
c3ac8528-dbb4-455c-b2ce-ee2b4da3458d	2	2643
c3cf1142-6c30-4287-8c44-cad1f5ed0a81	2	3341
c3e06f4c-f0f1-4224-af3c-e7251a50a27d	2	2697
c3e34e4f-85ec-42e6-ae00-85039d88cb13	3	7663
c3e372a5-6cd0-4f2d-adfd-4d47bc3f6006	2	2446
c40bd58f-8e77-4868-bbfb-a8bf3ac36d0d	0	196
c4192e5a-9d53-4e27-9e3f-80d748e0fd54	0	106
c41ba67c-0be8-41db-a567-376b9d0de9fd	0	189
c441a0eb-ca81-42f2-a995-b29a34131f38	0	453
c44e9c22-ef82-4a77-9bcd-af6c958446d6	4	245287
c45c1037-5469-420c-ac21-83841efd815d	4	58051
c47bc32f-8795-4e78-9de6-062eb2c5f5bf	0	8
c47f28b5-2a48-40fb-8cb1-fdb80f1ab3d2	0	412
c4901095-0bc2-4cea-a8d3-e76de3cc325e	4	42471
c4aaadaf-da28-4136-a888-f0008c710d58	3	6229
c4b87e45-c07a-460f-9c58-8d15328e2964	4	96730
c4cc2564-afdf-4c62-86b3-68a49ac42ec1	2	3106
c4e17198-0770-4616-b9f7-09979ab1a830	3	6264
c5157aed-9610-4829-ab8e-90823169615c	0	483
c54d82e4-2db1-454b-9176-1266d163ae9b	3	8106
c56b65a8-8f5e-4fb5-a1c5-115478569797	2	2043
c571ac69-4a56-431b-965b-ea52dad641b5	2	1522
c5b9c6e1-3aa2-4ff5-a89a-d4e86b09fcdf	4	11265
c5f259d0-abd8-418e-81ee-3965fd4e4e9a	4	58960
c6022d18-eee6-428f-b0ad-0e8d05626a14	0	57
c60c930e-d081-486c-b0ca-2dcdd8ee2b96	4	14993
c626c2bb-8baa-4f7b-afb3-a0ee9fc5c6cc	2	2734
c63c3f8a-09ec-47bc-8245-59f995b9dc3b	0	124
c64e3591-8d00-4207-8e03-97ed2f37504f	0	204
c66060ea-27de-41e6-9649-bab677ac22a0	0	345
c688a82a-bc1a-4e4f-8e03-f717c16e4096	1	981
c6958d3e-083c-4006-8c0c-abf6d702fa8d	0	203
c69c6f8b-89fc-4b7c-97b6-afe87fa4ac99	0	57
c6b0e071-cc63-45f8-81c2-ae8aff25dcc5	2	2994
c6dc8a7c-d574-4ae3-b123-b60e8de59e2f	1	1266
c70cd81b-55b1-4c69-92ac-f9ce3ad54ce9	1	952
c70e33d8-e0ab-4c2a-8e5e-746976b3eb19	2	1767
c71ae637-cbc5-4f57-9c1a-38d691bd3c43	4	10709
c7266e50-19d0-4172-989e-825c077faef9	3	6181
c7301466-d75c-45d5-aea7-d6ab8ea63e1c	3	3994
c7408584-ca2c-4a3d-a4dc-9d650701141a	0	161
c748666d-f105-47f6-a5e6-04eb80ab4845	3	5276
c74f7c42-a2b4-4f07-8b51-10980ebf6be8	3	4529
c78546c4-d504-4df2-a254-9dcf14b045b3	1	621
c7a3e868-c6d8-4512-a5ef-f6cbe42899b0	3	6487
c7ac4ec5-9baa-4110-b139-85b775f59457	1	706
c7bee23e-f9bb-4dee-b1e3-5d49f81cde11	4	26004
c7c15768-7624-4c36-b8a7-b19332300b2a	1	801
c7df5ec5-380a-40f9-856f-28fb4a33d946	3	6394
c7e7036d-236a-4b4c-83a8-64bca8b14d7e	4	53631
c7f9dc85-ebff-4a0c-8957-ceec49387371	0	31
c82d6380-3a13-49d6-b30a-1bceab44f1ce	3	3838
c8327cc0-54f3-424f-a68d-000ee7289a41	4	39658
c852a4a3-bfc2-4e5c-90a6-ac908e5bcceb	2	1579
c854adf1-6de4-4c27-96b6-d41e68a8cbb9	2	1688
c86c3143-af16-48fa-995f-7d5b99163e7b	0	439
c87fec00-2268-4a98-9856-5dc7cdc19d6d	3	4753
c88d9ed7-de25-4358-b68e-452355ecd168	1	756
c89db5d0-96bd-4713-aa74-ab62c3b9a51f	4	27122
c8a491d0-9845-4611-bc4d-061a82b9282a	1	790
c8a88760-22d1-4ffd-b355-8412feeac91d	2	2135
c8ab0960-a254-40be-b612-854ded80c713	3	4035
c8b12a93-fc18-4417-b6c9-b64d31862caa	2	1488
c8b259a5-6acb-43e8-bb28-bc09e92eb22e	4	11230
c8bc9ad3-1df2-4c9b-9cf7-cf6fc60441dc	4	45679
c8c01789-646c-48fd-a319-946db1d06d4d	4	10897
c8cf64ba-734b-479a-a39c-556fa76da955	1	1348
c8d60780-4293-43e2-8e9e-3532a430d748	2	2234
c8e6242c-bc88-446c-8723-e354b806243d	2	3390
c906d904-ad69-45bd-afa9-49475c66f6b0	1	848
c908a9c4-cde6-4f9b-8601-584e4cb37200	2	3436
c91269eb-4c20-4f56-b428-f88048a275fe	1	1248
c91a8a90-162e-4a39-b538-580e05d8b503	1	1376
c92ec144-0114-4fbd-a1cf-a10fbed1f4cd	0	374
c98690bd-7a66-4104-89e6-46a6237ee1fc	0	428
c98b4510-9986-4503-9f18-43e243e952d1	2	2924
c9b34ac9-83ab-44f4-8358-348d8ea8d6c2	1	627
c9fc1027-3fce-4d79-a634-5bde4344dce4	1	1082
ca2202e1-255d-43af-82b6-9955ad1b0dd4	2	3441
ca243f8d-6820-4775-90a7-28bc8dbac80e	2	2560
ca25c485-d441-4526-8425-fe32f2b6e94e	3	3735
ca2c3c55-83ff-4a8b-886a-c45156519469	3	5510
ca2f14e2-687f-48e3-b57e-5aac481078ce	1	1358
ca5b38c2-f39d-45a4-ad3d-daf4448846ef	4	73938
cad43962-b0a0-4ae1-9eb0-42020d0aba8d	1	1136
cad4c527-0b7c-441a-95e2-1b83b5c5408a	0	387
cae09884-f473-460a-a04a-4dd3fc69cf6e	3	4086
caefbb55-ad4b-4c39-bcdd-1fd462aca86b	0	54
cb0a7ee8-69fe-409c-85ae-820e3f1e46d4	1	1385
cb14502c-6d0c-4590-87ac-44f12b799c7d	2	1803
cb2a2f2a-68de-4dd6-b47a-64fb680e2795	4	29080
cb37cba5-0671-48ef-9674-a22fdfd93d6d	1	578
cb6a2948-7b9b-4a15-8c71-2b79cc76408e	4	19004
cb8f6609-9a2f-4b53-a682-25cba1ec336e	0	13
cbd197c2-1c29-4f46-acc6-0565a916d143	3	7637
cbd748c3-1c09-4009-b793-0d9ff9d25b64	1	975
cc21ef67-6727-4a14-8bca-340aa957eb58	0	460
cc3c8231-3f07-49da-88fa-04986e954a9a	4	39665
cc4dac19-a654-4893-bcaf-39c55ce8d681	3	8532
cc5dd093-d676-4022-ae41-19325691a5d1	2	3205
cc60d937-e80b-4c66-8aa2-e89cb57c8b08	4	38103
cca04e29-1e00-4903-96a3-48a6a26ebff8	0	1
cca31f0d-5c68-47c0-a235-5cfbc460334b	2	1717
ccc7485d-52b8-4d11-820e-5fabe43ccf20	4	32710
cccd1fad-a7bb-4a79-90d1-a2d7e1f8db17	2	3166
ccedd124-d5f7-4493-b7d3-f75dd91cd48e	1	777
ccf7ad87-59e2-4064-9faf-f4027a8108fe	4	19077
cd03ee03-deb6-4f9c-be24-970f34602de2	4	15369
cd0ac3bc-b8ca-42ef-bd24-2a8b808d0e96	3	7285
cd18c836-6574-4fb0-947a-8de6a09df9c0	3	3692
cd29c10c-a039-4755-acc3-e068dc4c4652	3	6266
cd54fcc2-5247-44af-9380-faef3fddd955	1	932
cd5d99cf-1910-46e8-a7d1-b76c6c0f3c9c	2	1623
cd8311c0-71b4-463b-aeff-dc84683c46be	4	14596
cd8858ea-73c4-4c8f-8fcc-5aba0b877688	1	1324
cd949939-d9f5-439f-b0aa-be08aa96c20f	4	11159
cd9d5e72-36cc-42e8-89c5-e69a08b1dc1e	0	183
cda335e0-3580-4b0b-8670-74a9c258199c	3	5788
cdbfc042-171b-45a8-beb3-a22328a684e4	1	1376
cdcebe85-58ce-4d49-8031-b3ec27793354	2	3539
cdddb973-07be-404f-9577-25dffe079f13	1	1243
cde174be-fe47-44c8-9dc4-968b7ae50a0c	2	1961
cdf68a29-e227-4672-90b7-aceeb9b53310	0	262
ce0d8f43-f928-4bff-9a64-d0f1cc88ae2c	0	138
ce1509b1-fc1a-4b0a-aeb3-36cbf9cc11fb	3	4427
ce36cb73-3bfe-4404-99c7-b03832eb3b7a	2	3306
ce58d854-7430-4231-aa44-97f0144b3372	4	152767
ce68c286-af75-4537-bf02-2400f17f53b2	1	738
ce7e026a-64cf-4cab-b6c5-901b66b672e8	0	52
ceaf841a-60e9-4391-9e26-88b853cd4658	4	11451
ceb285d0-5f5f-4b16-ac66-b8338e194daf	2	2188
cec3b1cf-57f3-4054-8788-e9d1efbac650	0	520
cf0c45d8-caf4-428c-b0ef-a95b5d5972a3	0	19
cf2170b1-5c00-43ae-915a-a781482f00d4	1	549
cf24d22a-0a63-4fa6-8439-b2ea696575ec	0	325
cf3bab56-feda-41ec-9aef-a9a31b1ad97e	0	20
cf4a958f-d781-4780-9c8d-9cb09aab19b7	4	12166
cf52ae04-46b6-47a9-aaea-3bca9712d628	1	1232
cf5c9d69-c82b-403d-a0f5-0b5d8947d4ac	1	1059
cf99c0ca-6b29-4dbe-8969-5aace0a2de35	0	11
cfb6f910-9d7b-4d78-aa7c-1cb80d1e3fae	1	1019
cfb8476b-625a-4de1-a508-84c91ba22bc3	1	528
cfc40b17-9096-48ac-91f8-e2a96f50c7c3	0	470
cfda0d19-3c98-41bd-9e68-a0d6e6d6b9e8	2	3010
d0060991-9762-4e29-adfe-fae92277b0de	4	15046
d03b1749-0295-442e-a0ba-c45a0ffe2d63	0	194
d04e8838-2899-41e2-8106-4138ec1a611a	0	132
d058d3cc-900b-4992-bc9a-23ac37e32867	1	906
d06d5f9c-b047-4035-80b4-d4fbd79c93ed	4	20334
d074287e-1d8b-43f5-a2fd-58201a0b28ba	1	859
d0a70878-def2-4e37-bfc7-7c34978a86a8	4	12865
d0acf0a0-d4fe-458f-be0c-efa88198ed7a	2	2811
d0b599dc-df42-46d9-a2aa-821c2a534a24	2	1738
d0b6f38b-f2f3-4f31-bedd-e9520cdaab83	3	6810
d0cd81a5-0d64-404e-9bd3-932c019694b3	1	662
d0d33317-df56-4a3f-8ee7-0e38dbb5b42f	4	12393
d0ec57ec-69d9-4579-bdf5-d5d1d44a254a	3	3814
d13d07fc-24a1-4040-8c4f-2affd432dc11	2	2655
d14b3769-5d33-4085-8f76-88663e7e897f	4	21496
d17801d0-4353-4725-8bf5-d0bbedc403a6	4	19494
d1807979-ac9b-4a9e-bdc5-ed6be8572ee3	1	1344
d185d986-ee96-4fd3-bd61-8c848a4765b6	4	37655
d1947987-9614-49ae-bd36-8000e6b6f7d0	4	65495
d19cdd24-c2c8-4be4-8451-37a75e0442ef	3	3805
d1d571de-febd-4d1c-80d8-1f16967b5a91	1	1019
d1f683a3-94ab-4765-9655-3f6c7d5e76a0	0	270
d1f941ab-04e4-491d-ae27-71bbb076f5d5	0	155
d201e6c0-103d-4a9a-9969-909bd421ddad	4	49882
d234c4ba-f317-4d83-ae06-684c61ff37bc	4	19597
d23ae082-68aa-4020-9712-05e9ae2e8ee6	1	1321
d25324cb-ea2b-49f3-ab53-47890de2e645	2	2872
d264f66a-bee0-46c6-b609-ce6bbe6d29db	2	1711
d28c64d9-35be-4d4e-8e27-fd33566a57a2	1	672
d2a79d20-1304-47fd-a998-b4fe1ec78373	4	61083
d2ad8774-9173-4970-8427-06b04df201c1	4	45467
d2adf44e-d8ce-4ca2-add8-7c0d8da4abd4	4	12152
d2eef846-e1a6-4066-aaff-1daa45280431	1	825
d318d085-ef8d-42a1-8732-512d3b16152d	3	7791
d32b1f9e-7b43-4fe9-9fe5-e29d557d2a54	3	7808
d330ab6a-d70d-4e0e-8feb-a2e10cb1e7c5	3	4735
d339efbb-77b9-4147-ba9e-59f2f24550b2	4	191142
d33c4e49-ebd6-4655-95db-b7946e251bc1	0	153
d33f15b3-966e-4a40-87c2-a72b868947a7	2	1577
d34206ae-a96c-45bf-ad3c-4d6ef616eeef	3	7063
d358f294-e80e-4acf-88aa-4eca96035bed	2	2439
d3644df2-2b14-4f20-b917-8efd353aa429	1	1393
d374d29c-8ed0-44f2-8cda-f5f4e792637e	3	7050
d37bb4c4-694a-45c7-917b-5420f9cb9ac1	1	528
d397a3c7-0c24-4ce7-b9a8-36da7ed2fc86	2	2102
d397c279-de08-4898-8147-0aa16bba24c8	3	4937
d39a0f4b-6e72-4b7b-8055-1ffcbfc5f02c	2	2395
d3b2bec4-b70e-460e-b433-a865ceac2de8	4	70635
d3bb6a92-bfb7-4c36-9d5c-7da085a640e8	0	262
d3c2e16a-95d0-4b22-80c9-3dd558779b03	2	3233
d3ec01e1-18c7-4a10-a21a-c78ca9a2ddec	0	131
d3ef5f98-8d70-4b21-b3b8-91b92629891c	2	3091
d3ff07cf-31e4-4b6b-b487-2c9fbfbad39c	2	3287
d402f262-2099-4014-bfaa-ebbcb554206a	0	7
d425b86a-fbdf-4c77-ac94-500d2c2385ba	3	4753
d4263e51-c7e8-4767-bc57-f173d8a3a8dc	1	552
d4310265-7415-4802-b4f3-4b762217efbb	4	21706
d4675794-9ad3-48eb-bcd4-b98be183b396	4	21297
d46a1b2a-d3bf-4055-957b-6b4190b8c39c	0	231
d46cadc0-223b-4b11-adef-8924d493e2c9	2	3107
d47c5ac6-f45c-4982-ae23-0d72fe35a503	4	19596
d4861084-cff6-42d9-b7ca-d323d0ec028c	3	5614
d48ab7ae-fcba-44d1-844a-c2c598b47829	3	5101
d48bcade-4d7c-48b1-994c-543abee4fffa	0	409
d4a49be4-6b16-4027-ba9d-7f24ff1624ff	0	341
d4aa1162-78ac-437f-9900-97460e4e2f34	3	7325
d4b11879-c53a-4564-89d6-98e9929ec011	0	7
d51f4fc5-47b3-4fe2-a871-2c25e4d58371	2	2461
d5247051-c4eb-46ef-9aaa-9e8f8b89a8b7	0	332
d570e140-68fc-40ee-9a7a-0fae7209f784	1	1161
d577a0cb-1a93-461a-80eb-9da6c094884b	3	8428
d58c68e0-4f1c-4744-9d09-b9a781ba7fc7	3	6210
d5f20c81-3ddf-4e00-a312-6d151354eb11	2	3066
d5fad489-b133-472a-b05b-a3d65ae4107b	2	2703
d662d65c-0e7c-44c7-a4ff-12d4029f990c	2	3112
d6778ca0-914b-4c84-9754-c2c9e4b49154	3	3962
d687f9d3-14f9-4d85-b132-946853c1c06d	1	980
d6d68400-7ad3-4fdd-8127-90b45d443ae1	3	3930
d6e57f9b-acc0-4219-bfc5-1c5471dcd104	3	9597
d6f204c1-ea79-4ad0-bac3-862faad14130	1	765
d70d1489-57d4-4aa5-9cec-4e0888136ffa	2	1946
d71b56b6-fea1-4300-8a69-94c78feeb4aa	2	1891
d723750d-db44-4667-ab57-52a54469310f	4	10414
d7410554-e2f1-4d00-a7f3-c56d8460d69f	0	247
d7483300-7c42-434c-9bb4-2d7b8707104c	1	923
d75d1f08-bbb8-4eae-9877-399ca9121197	4	70561
d7742427-dfb9-4eaf-8671-ba89e65979c7	2	1719
d77c04a9-3318-4a92-afd9-8ccc14c673e5	1	1047
d78d71bb-7260-43ef-b12f-e2f8eb26b153	3	4735
d7932a7f-c9f5-4f13-93b5-781a5aaed808	3	4135
d79769ad-1368-48a5-8fce-ff097b5e3e64	0	322
d7c3d696-9630-4d36-8c26-62aef9741cb2	4	18999
d7cb3332-2e0b-4bb5-8e7c-f28c6ff28059	1	1173
d7cf16ec-cbc4-4369-8a97-0bbade73349d	1	652
d7db24ec-d95b-409a-9841-afd946701435	3	5783
d7f0e7b7-3a87-469b-8517-26b014875053	3	4750
d7f32636-544f-4f47-bc4e-044d7fc80a4e	3	4546
d81b2806-53be-41ab-9c03-e7f394926fb3	1	917
d846fd31-d9b5-44ca-9712-f63f029fc850	1	1378
d85fcdb3-7578-4dab-af9e-b496c8bdaf8f	2	1699
d8659e31-6511-4ce2-ac26-56332386b81c	4	10047
d86da121-4b68-43fd-baed-a770f6429ef0	0	338
d86fe511-2ac4-448e-b540-ef6bd2105a14	3	5400
d8915e13-d67a-4aa0-9c0b-1f126af951af	4	217580
d8a05c5c-67d0-457c-a355-2cc4ca0c559c	2	1563
d8a8021d-a386-41b3-b6a0-5b55717f2388	2	1674
d8be2328-5f12-42a4-84c6-5ae563edbac3	2	1634
d8c4900b-f228-4258-b5d8-e1916db3eae0	4	26168
d90f0b4f-9bb6-4d04-97d4-da989b4ee638	2	2063
d942d19d-7f97-46e4-90d9-1bf6e9c54786	4	15686
d945b088-0eb1-49e6-a232-dee95392ed35	4	33400
d9493c14-7d8b-4bef-a022-8c058ff36044	1	765
d95d28e4-8520-48b5-bbf5-ea0e15f85e1e	0	295
d97de33b-86b6-43c3-a4a5-f5fba74a721f	1	861
d98293a9-c5b1-4aea-851e-8b479fd4de45	4	9916
d99b1056-1e5a-43a6-9316-5d579673f329	2	2746
d9d5be31-20fe-4c99-894e-f4bd05f49aaa	2	3433
d9dee79e-c27f-40b3-a91a-88ef2871b14b	0	154
da1945a9-d9fb-4681-b3de-7fe06bde2388	3	4841
da386a16-0431-4cc2-8575-43798822bef2	2	3061
da3df0b1-1945-455b-beb7-701cf76a4da4	1	929
da984456-9ffc-4ebe-9b9c-aa5f6c6b10a0	0	269
daee2537-1b85-4363-b544-3ccafd2b1ddb	2	2191
dafcd725-9cb6-4347-be21-fd9a950e8064	3	4827
db1534a2-96ab-41fb-b18e-42637a1244a6	3	6174
db1a36ef-fa59-48a6-a2d6-d6da432fdca4	1	860
db1fa92e-5e95-4a19-8f32-f301ee2d119c	0	400
db3d7002-d9e8-4803-82c4-d85dad3f29bb	4	14728
db3dd0c1-f837-4e42-a8b6-8fad23be4e40	0	221
db53869d-407f-49aa-abaf-25fb8d7e9d4e	3	6988
db6107e1-f692-453a-ab0e-4566faaba298	3	5316
dbb33357-874b-4132-a459-709e3d2c0506	2	3127
dbe663df-de04-4657-8c3b-cf88c3088f07	3	9157
dbf94c49-0dd9-4f72-85d5-f548beb453f6	4	18631
dbfbd2a1-3f61-40b9-9558-21a96e32f721	4	27107
dc459b49-2fbb-4c7f-a3fa-b2c7cacb7508	2	1523
dc57cc3e-8307-47f0-9b96-499ad553bef9	0	103
dc5cf852-4a53-4ea7-a95e-f55ab6df21a4	1	1080
dc68983d-44cc-4f97-81f5-66b5688b6c81	0	464
dc6d2ba1-012c-47a7-ba3f-d74e76c30d53	4	31971
dc6d640a-8cae-45cc-9fa6-64bac97df1ae	1	530
dc72d14d-28ce-4663-842c-f0b083b4a83f	3	4356
dc8fc7a6-5dba-4d27-91cc-5a71fa86c69f	0	515
dcafad0d-12a8-45b5-8b44-6a3ac6d64dcb	1	1364
dcafccb5-3741-485f-85d4-6d249f443ffa	3	5108
dcda5d94-d737-4955-8f99-6f677a10bcb2	1	810
dcf54da3-b525-4a06-a2b4-93f7cd6f10e4	0	41
dcf8e948-3c25-444e-9b0f-e5302207febd	0	281
dd0e4f9f-2fa2-44b6-b975-ead136db7ecc	2	1488
dd26fe97-f168-4c82-a846-5e64079704eb	3	6886
dd564de7-8f62-4747-8246-11c1af876a54	3	5446
ddae9a60-a349-4f05-a75c-51240ae31ab6	2	3534
ddb11a19-c664-4b7b-b7c0-ddd17e99cf62	2	3092
ddd4c4bc-a4ae-4946-b59c-a86aea7fa4f0	4	38547
dde55c12-c221-47a0-81f3-4101655dd394	0	495
ddf879a4-12d7-4e77-9f12-05a990ac06d0	2	2523
de271015-3a12-467e-bbab-eb7306379d17	0	309
de2ddcdd-66ff-487c-9537-560153200a4e	3	7180
de62540b-20fb-4210-a5f6-666f03e6a08a	1	821
de86067d-e5a5-4f2b-aaff-70014d7cef13	3	4445
de9e0e70-4eeb-4068-8c52-259b7da9ef37	1	531
debaa9d9-a391-4dcb-b74a-fcc7de830cfb	3	8204
ded1afc0-f847-4a1f-b041-b37c4cb37667	3	9528
dee899dd-e81b-457b-8a6d-e4858132c37f	3	4569
deedcc59-47b8-4eb1-8453-1e06c087a6d8	2	1967
def6d9df-20cb-4829-9559-00a745184bba	3	9100
df01d1dd-85be-43f0-88fe-236d8aabe0df	1	727
df2d3713-2bb3-4830-bbd7-7ed55f2356cb	1	644
df5dc007-d6b3-43e5-8b39-32aa1bbb3508	3	3826
df6c2788-e223-4c30-8e85-78cdf1370bd2	0	383
df7ccfff-b64e-4bf0-b3e4-9cf7cc161998	1	1332
dfa0aa64-48f3-4428-a80c-0f201f9024b3	2	2336
dfbde882-9247-4c09-add4-1464aad95bc7	0	203
dfc6e55b-a31e-4dd7-aa38-784ca1415e84	4	27901
dfcbc2bf-d6cf-4192-b5db-911b209b2dee	4	11594
e00faf0a-8c21-4ea0-800c-09d9982d2941	2	2770
e0144a18-4d9b-4775-804c-a24bcb3c5e72	0	195
e0214160-edff-46e6-a108-39dab5f19c72	1	701
e024c194-2933-47be-a52b-d3bd372070bf	2	1762
e026f4dd-bf8b-451b-8f5c-dc35fdbed0c0	3	4393
e02d4f5a-8bcf-4fd3-8410-57c680389748	4	16990
e0621092-6a64-449c-8589-ed16b238fa3f	0	414
e073f6af-d696-4340-b847-e81fabc4d55b	4	34302
e08c5358-7cf6-40ce-9d1f-e0a79e320f2c	2	3002
e0eca4fb-9977-43e6-a61a-405f905a34aa	3	3992
e135d690-9c53-4333-8f11-98aec8c9f434	4	34085
e1445709-024c-4f3c-a683-1cdaa2e2e901	1	1017
e1579dd3-bc01-413d-9c5c-ad481a5a1df8	1	636
e1a01561-204f-49aa-8e9d-12d5d39564e1	4	14550
e1a0764f-9065-443c-8b5c-b8b4ea74af32	1	910
e1d521ea-5b97-4981-987c-ba988b2a87d7	4	23393
e1e87a14-50ea-4108-b132-665d0a11ff7d	1	602
e1f115f2-9784-428f-a403-df0103a92de4	3	5295
e1f3d4a1-e009-4911-a7a9-6e50a02a73d9	4	9789
e220955e-2810-4bbb-811b-6d30f62b6392	4	26864
e22b48f4-f454-4599-98a9-5316c434f5f7	0	3
e22c103d-1ae8-438d-987b-c564a87392d4	0	513
e22da122-aeff-4169-b490-a8401def5c68	4	22692
e23d0749-2665-44d8-8712-308b12ce88e5	0	14
e24255dd-f024-4abd-8ca5-9e14a8a85580	2	2929
e24c4566-fb70-45a1-bac0-22bbd4ccc9f2	1	1442
e27e18ed-7caf-40b2-8d3a-b4a0f59c5b3b	2	2696
e2a02b0b-ce39-46d8-82fb-2a0fdeff929e	4	16997
e2a5eaeb-7de7-4ffe-a519-e18e427a5060	4	33552
e2abe236-e442-4176-8508-ebecace38bbd	2	2923
e2ad5171-6209-4052-b0c2-346f69d51571	2	2880
e2bf1320-0393-4eda-b499-fb583cbd7410	1	649
e2c00c56-8365-4160-9f40-a64682917633	4	202878
e2c21f14-e48c-4cab-9c22-a6d731ef3c7b	2	2554
e2c5a524-7773-4315-a031-a40525126460	3	7276
e2e93ea8-2273-4a31-b421-db16f08dc4cb	3	8061
e2f89ee1-473b-4603-a5d6-d24c90cfb4e3	1	604
e337c543-b131-4042-b096-46f7375befea	3	8823
e3979cad-4296-4ad0-b6e8-f285a0b391bf	2	1869
e3b43b6a-14b0-4b2a-abd4-a41307cf10a0	1	1280
e3b5a989-5993-43d3-83d9-6d1b7cc4a23a	0	296
e3b6507c-bbd4-43ae-82b6-9ac4d38768ef	4	36180
e3d50ece-9931-4ecf-88f1-8fa5295b6829	1	1331
e3e715b3-2e88-4902-869c-131f4e9a5c01	1	1418
e3e7a076-ee69-4f19-84db-d092f7e38e40	3	4975
e3fce957-14b8-40d3-9d4c-efc10a3813ef	2	2577
e412b3fb-3b29-4258-9d1d-f1619eebed3a	1	1087
e439afc5-619f-4a7b-b6c6-44c7a3ace149	0	491
e45ab497-e63c-4bf3-8815-1cff2427d818	0	63
e46cd9a1-56de-4748-b7fc-94c30564f858	4	35023
e48103ce-1759-487f-ab73-2a76b086ba3a	0	431
e4937fbd-84de-481d-8fe8-90d87335cd68	0	346
e4951664-69c1-4432-a898-5558f47aa695	0	409
e49f69da-17d5-4c5c-bac0-dadcb0e588f5	4	93489
e4a1117b-a155-4753-a3e9-807149122af6	2	3162
e4a4e2d7-bb43-4da1-b40d-53b9ba0aa714	2	2615
e4e2c6bd-7208-4efd-8240-de0713d4857d	0	439
e4e56cfb-9450-4fb6-b0c4-a912aae104d6	2	1553
e4ff8b11-dbe9-446d-8e9e-40813a8c4985	4	12990
e516d6c3-ee77-4187-bc7d-200a86e2c79e	1	1025
e5308e8e-7c06-4947-a581-bdb291374e25	0	293
e53d1608-f40c-4260-aff8-25a99ef14b1a	2	2994
e547ca1c-f9fb-46fb-aee7-9a300622b513	4	11752
e54cb250-3502-4c32-9482-70488bd9a8cb	3	3767
e57f0cac-4f56-473c-8d7e-d93f753fd586	4	111789
e58f9e5a-b128-4c6c-ac6c-c8ce956de159	1	1174
e595ed1c-9251-4362-a816-534f141d16ce	4	30664
e5a3c27d-7ff7-4c70-bad1-51e4306d0480	1	1069
e5ab3d2b-8d4d-42a2-8174-7ab01b37ad09	1	1381
e5c8b8c2-8b59-46ea-b4b3-625cd2ddbba5	0	459
e60957f9-56fd-49f1-823f-e8d15f2b0eec	3	7039
e61afe5f-cc42-4a17-b88e-41683225c360	3	8832
e643d8c1-7558-43bf-8254-e7952a695c18	1	929
e65635d6-9b54-46d9-9579-087238b818ab	2	1836
e6769362-0ddf-4bef-9eb3-3a032aaedb98	0	350
e6d52898-977c-4adf-a19a-1b7609ed31d6	4	16648
e6dbe57d-74cf-4f6e-9e16-ed6cce18baef	3	6872
e6e2a4a6-9636-4576-9277-520d2450edb7	3	3680
e6f8912b-7df9-4aae-b551-2cd03dc29588	4	70302
e713d234-4271-493b-bce2-79a3be25d565	3	7325
e7237307-59d9-4c9c-8703-82f31b6f2111	3	5576
e76148d7-634b-4bca-9f0d-b64f6c247ea4	0	165
e76601e1-6a92-4e24-a1f8-f8527239fce0	2	2547
e766f7aa-ca9f-4f84-aaf6-886a2b97db23	3	6088
e7969596-ab01-4a66-b969-32cb0798eacf	3	5625
e7b3e015-81fa-4180-aa7b-7bfcf821209d	2	2168
e7b4c928-8c45-4ecf-9f08-da64fe5c2ddd	3	6526
e7c2ccc9-eece-4828-b79f-93354c9fa12d	3	5136
e7dd0c1f-7c1c-40ef-83b0-845afe22826e	1	573
e7df158d-1895-400d-919e-dc0a93e13c16	4	12723
e7e88ab3-5818-49c3-a8d6-61018237ddbd	4	22170
e7f653ba-8cb5-41d9-aaac-f917996fd67d	3	9680
e7fa2614-2da5-496f-b575-07ece506a5d2	4	36954
e829e3b1-4721-4ce1-b0dd-a62dd0d5c3f3	0	26
e8483703-39f5-4b31-b4a4-6e967fbc5281	3	8767
e874ea20-c90c-47a1-9627-af841db77151	0	114
e8837fa7-461a-4ffe-9e07-73f582763b59	3	4741
e889bda6-f8f9-40f1-8f6c-d2789e18dbca	2	1682
e8902b8a-76e9-42a8-8ccd-4799d3451d32	4	10672
e8993e9d-9313-4447-ad23-791459a3790d	4	103087
e8ab389b-b6d2-4718-b480-c67524cdb340	0	26
e8ad0e3b-5520-4978-a6a7-c0ebd8bd0072	2	2789
e8b137a3-67b2-4880-8cfd-761135688837	1	683
e8e26255-dd90-4745-b9e0-64c1b937684e	3	4282
e8ea2f8b-c0e4-4e5e-943f-91dd40916ee7	1	538
e8f269a5-a626-446d-b04b-5ac08c909112	0	358
e8fea2be-6502-4d77-b8c7-c9ce83e118b1	2	2282
e90a52dd-030b-4c13-bef6-d214df7ba102	3	3883
e91466e9-e518-4b02-9198-a6c338694c9d	4	27296
e92547b5-a134-4149-af9a-c944af9e476f	4	17216
e942594a-91cc-427a-8beb-6815c28e9254	4	84549
e9556da3-ac0e-4d92-a4f1-0772a1ef95de	3	4621
e96bdc05-e9c7-4020-abb3-6378592f2be8	2	3218
e996ef7e-1695-4758-8b64-749aea1df498	2	2010
e9c594fb-39f4-4a44-b2d2-69c427be6182	2	1957
e9d23114-8264-48e1-9c44-55677c873092	1	770
e9d7f684-d144-46c4-b411-19effff4defb	4	26299
e9e9109e-5914-48c8-a7e6-a95dd94bd345	4	67654
e9eb91dc-ef19-4c28-98a0-3c1690cc4e1f	2	1947
e9ec4424-2d6f-4332-b969-6c07caedf371	4	18816
ea3311b3-a0f3-43ab-88ac-43a4e32692d5	4	13844
ea56e936-d6ff-491a-aab2-8ef3fc6acb16	0	71
ea78d0cf-1c99-443f-a4dc-4db90f3e1c47	4	43663
ea8144e2-fc4f-4299-813c-7dd5a0c0b169	3	3838
eaaef7bd-8429-4140-be76-2de0c62b0b17	0	11
eb24c8ab-fe70-4d75-9a17-f22ee39c8d12	0	190
eb7fb527-e324-441c-a0e9-63b5f899d990	1	1263
eb820d3d-a3e0-4144-838d-8143021dc3dc	1	1064
eb8c250b-d71b-453f-b9c8-2c5fd0e2b040	0	118
eb8ff09f-0b63-4c5e-96dc-b6dadeb794ac	4	82676
eb952fd7-077f-4958-97bc-957b4a22b0d8	3	6166
ebbca156-0aad-47a3-8492-1d270cc5fd48	2	2147
ebcd76ff-56be-4b5b-a3ac-95e2cb26f6b7	0	152
ebd504b0-7644-4887-9e4e-7d625f52fd07	1	740
ebfcb478-b3ca-4848-9cec-a9410954d46a	0	415
ec046e44-a52d-41bc-b83a-9ec4ade74e06	2	2441
ec08184a-1794-4cfe-a1f2-fbf0e14f81eb	1	837
ec121839-bde8-4812-8dca-7c4148b81749	0	462
ec2bcb77-b9a1-49e2-bfe7-419586bbef48	4	13885
ec77c73b-9377-41d5-8898-0bc236c66ff2	1	748
ecaca279-1561-485f-b04b-eb0601e3abb0	1	1060
ecb3cf1e-ab3f-46f2-ad52-fb830226972f	2	2944
ecc07179-a2eb-4b20-a6bb-01659ff74e00	1	875
ecd39034-b9d7-4f44-ba54-8dce782a2bf0	0	195
ecf5ab37-019f-4cc1-9fdc-218de6a41b65	4	22130
ed039a68-b775-4a8b-942a-3c73eac97ab3	2	3209
ed0e3e7d-cc87-4f09-a5a7-f8d47cfac9cb	3	7091
ed0e466e-c62b-4811-b142-e378885b3db0	3	5315
ed123caf-6520-4479-af0a-b4d2443ef26a	2	1706
ed13185d-a540-4ab4-ab04-0033c1e0d1b0	2	2200
ed154d78-e43d-4dd0-b9e2-4b747cf6274d	1	644
ed17a79b-ecf1-4e99-8918-88df773b7ae6	0	392
ed55cd1d-3505-4b1f-a0ae-f5b81dbc8cef	1	1068
ed799433-265b-47c7-90fd-35765740dfce	2	1694
edb2617f-5f44-4d60-9e0c-eaf41fb89dd4	3	4419
edb34b71-04da-4e75-9c48-b540df54aaab	3	5633
edbe5d7f-9511-4dfe-847a-8fe19080caaf	4	19324
edc087c7-186c-411d-8285-0c3bb55aae5c	0	464
edc4f886-8d54-4908-b013-260bfcb50481	3	4671
edcbd883-7b5d-45ac-b5d7-fa63cae79a0a	1	678
ee10947f-5da1-47d3-a86e-9994b2703227	3	6365
ee224a2e-d846-46b1-bc43-b9e0c3fe3039	0	282
ee30663b-8922-48de-b6bc-3bbdfa65dd8b	2	1975
ee5051cb-e2dd-4d23-b421-03ea3b692b12	3	9340
ee5e0a0b-236c-46d1-915e-4abf5302cc24	0	8
ee5f2da0-e6f6-45fe-b188-42cff68f8d06	1	612
ee63ef60-6cd3-4950-900a-c7cbcf4de517	4	9846
ee7184b0-ad4e-4d7f-8077-36b8c8cfbbdb	2	2638
ee71e136-eb39-4afb-babc-5e548235f06d	2	1528
ee9708d7-d366-49c7-8cd5-e58b76c11938	2	3308
eeba16fb-beaa-4eef-a039-b54b7c7f9c92	1	673
eeef9144-7983-4332-9ef6-6d6dcaff29f5	2	2837
eef25f3e-d55f-4190-9b31-9833b1ce6dd5	1	1194
ef583dd0-8c42-48e1-8d4e-52d5f07a4722	0	379
ef5a79e3-43ec-433a-99ed-6dc42881aad8	3	6063
ef5f45c9-a6a4-467f-97c4-c185ecde71bf	1	1452
ef800fc9-5b9e-4ab9-abd9-de8f898773aa	0	126
ef9df4c9-0e76-451b-b174-2244bcc31f0c	4	22898
ef9e7489-8a25-4044-97f2-d72bf5250cc0	2	2955
efd52c4c-7222-4ac8-8567-b917abf21ee7	0	95
f006d7dc-643a-4c9b-abde-a04fb4ae1c90	3	4125
f032ac46-5587-4f1a-a9ff-137ce27f6b88	1	606
f038ebe3-47c8-46c4-8d93-2dd74aa6603f	1	549
f0406caf-4321-48b0-85e2-de8f8e0545b7	2	1751
f04b97d7-b1dc-42d6-9370-14946e4d6f88	4	10996
f04efa44-d9f9-4b61-9396-7d0cea2ddc27	0	509
f0676546-4ea7-42bf-9f8e-ff5f0bfdae85	0	238
f086b523-e6eb-4159-8705-e408cae53170	4	12263
f0924425-e054-4e98-97e8-0f4be5ea89c3	2	2800
f0d96476-1ce8-4efa-940f-5b47efde3082	2	1845
f0ddc47e-aa96-4af9-ad46-6031a45f77bc	1	725
f1022919-81ce-4e56-a5e6-d5e7b6434ad5	1	898
f1348139-efb5-43c7-9204-199827efad3c	3	6592
f1560407-8826-4ec9-b78f-e0c3fa3ea4f5	4	77925
f1642d37-bbe2-4aff-a75e-86845ff49fa4	0	208
f16a3481-c67d-49c9-b3d6-3111ab39ad05	0	370
f183daaf-49de-41f7-818d-6712b21622bb	0	427
f1aa9745-4cca-40a3-b334-4a49643d7ffc	1	1429
f1cd396f-40f5-4795-9e91-e0ec83504b89	0	49
f1e70681-4cb7-49b8-a263-c103f8f7e496	0	367
f1ed2c04-6a9a-4bfd-9e4b-6321573dff03	4	21585
f1f81989-dfa9-4bd3-805e-dcf3900c43e3	4	15510
f22287f0-4949-4cd8-917b-f52c762b60b7	0	236
f25d7a2f-02c9-46ab-a371-1d63897f6da0	1	616
f2777b32-2d3f-4abb-94e1-a1863d6b870c	1	1153
f27b6c01-dc28-47c1-93eb-eb11a959982a	0	174
f27d4f25-fa83-430c-8328-94cebf88df82	2	2032
f287ef20-459c-4d09-837a-9def10d43238	3	5361
f29ef44f-c44f-42ff-afc0-8d67f34e667c	3	8496
f2a72069-a15e-4046-9fa4-091a547d6af5	1	531
f2c9b5bd-a753-43a0-bb4a-7843a0494a64	2	2603
f2e33434-ec54-4983-a05b-5b15cb3a3a49	2	3260
f2e9d3c1-e0e0-4d2c-84aa-fb30e481acf3	1	970
f32eea2d-444e-4e71-b747-0df4bd785252	1	606
f3430779-bbec-437b-944d-1fbf45d2e786	4	49088
f3569bd0-2acb-41de-9fec-409c067f1abc	3	5699
f3635800-a86f-45bf-bec5-639e4542450a	0	212
f37a1f1e-08c3-4468-ac9b-d57e2149ab9b	0	126
f381b73e-4246-40a4-bd92-344331b2721c	0	171
f3830a42-5c4c-4974-8ae0-bb19002629b0	2	2020
f39352a3-7305-460b-9d9c-37111798658d	2	2118
f3b6b0fb-3718-427c-a955-472e3e58acb2	2	1480
f3c1dcbd-b742-40f8-a6d6-877d66a41a91	0	56
f3e28e17-a2e1-4d73-9d9e-323bbc4baa33	2	2960
f43dc09d-cec5-4b90-af09-77415c5ac93d	2	2160
f44e27a9-7903-4427-875b-de2ea7a37b47	2	1485
f4640b20-b76b-40d3-9ffc-a38b6718b273	4	69796
f466e25b-757e-4d43-bed9-89ae8dbe6ee4	4	10020
f4845638-2ace-4764-8588-0d34b953bbdb	1	1227
f4bd4c06-f98f-4f8d-8539-61e8c1721af1	2	2275
f4d62094-22d4-4c6a-a387-275a007d00a8	2	1896
f4d7810e-9578-41e0-ab32-6153555d84c0	2	1468
f503aeb7-6c16-4a99-abc4-747639ce0fe5	1	1248
f50a96b5-a890-4442-ae30-6ce307dd7e20	4	12633
f50cee24-a799-45da-b65f-fb0874cd521d	2	2841
f50dc1fa-b9e7-4e1b-b5ba-754945bf215b	0	224
f52f5cd4-7c1e-492f-899a-94fe4cac61f5	3	4658
f54b19e5-4925-460f-ba92-3825351899bc	1	794
f55e711b-482e-4516-88d6-e9d6ffcd48f1	2	1918
f5693d38-edee-46e8-b353-7ebbac4bf26e	1	807
f587dda0-e306-42e4-af07-11e0509a3d1b	3	6884
f5d03243-e9dc-4ea8-baf6-ee98a5fccac6	1	949
f5d53c01-158a-4576-b5c4-23a2a9af7a2c	2	2566
f5ef99ce-05d8-4c5e-a3fb-6eca8a939c15	0	438
f5f22a9c-a00c-49f9-8123-329b632da79c	4	70791
f607e1fd-4ae2-41c1-912d-4ad6e9eec279	3	8494
f6124632-a1fb-43f5-ac35-4f372a93df05	3	6268
f612a52c-5ee2-4eaf-b638-aa51eec4250a	1	621
f61c3541-a726-4908-bc9a-e0aebc3fe874	0	111
f62a6ac4-664b-4035-9ab1-0b3ab8e1773e	2	2355
f6323515-c38a-48cd-b9de-2fc37bc16ab7	2	2412
f637dec2-11eb-415e-bd83-0d30c11bb419	2	1605
f6586e5c-37b8-4d77-b25f-26622254a974	2	2537
f6707e26-2a9a-49af-8607-9f8c7f7c2dc9	2	1571
f6746081-942c-4392-91e5-35a43d86b02d	2	1603
f6785e67-fda7-4dfd-b21b-4657094a1d0c	3	8794
f6a0dce6-c40f-4623-8e76-9a6739f764a6	3	5906
f6acd23a-56fd-439e-a69a-99af379d4411	4	51874
f6c6fe6e-b4f0-4193-aa67-05f9aee0a40b	2	1779
f6c71a34-4258-415a-9367-9da5eb7714f4	3	4252
f6d14967-5998-4910-b114-8ddb31fc773f	1	813
f6e7807d-5b98-40e0-9370-c5412bee0bac	0	434
f6ef0b53-54e9-4fdd-9bad-eb94e7ddc69b	2	2784
f6f33c55-8156-482b-a071-fc58824e9551	2	1580
f6f69dba-4c49-4f1b-a6bc-678c1154f32d	4	27312
f703c9f5-764a-49c4-ab9d-c551f444c11a	3	5292
f70c74b7-a9d7-4da9-8079-14c50e374f67	3	8673
f7921c66-9683-4279-8b70-685df76af83e	3	5357
f79a8147-acf0-497e-a54e-490d60db65e4	0	341
f7bdae3d-5a95-4e29-812d-2a5ae3afa880	0	404
f7cb79b4-2e37-4453-8e8c-d3a680ce19d0	1	1444
f7e2c133-b07f-4aff-8b52-274c05f8ac00	0	405
f7ebe5e2-c9fb-4959-a9b3-b09921168d50	0	258
f7f0af39-9673-4710-9a0c-51633114a4a8	2	1687
f7f4c28d-2a57-4c44-a74d-112105bbeaeb	4	35516
f80240ef-ab2e-4cc6-97e1-ebd3b40ef8ca	3	5571
f81ace47-638d-4729-a155-1be48dc2fa48	3	4269
f81d592c-993f-4693-b53a-57db5a6257b9	4	33749
f81dce77-a8be-480f-8308-0a1d69809aac	0	399
f8230fbb-49d5-4b89-b45c-6b44ec27f7d4	2	2884
f8252d39-2e99-48f2-b8d9-60f3e668d524	3	8907
f8887032-74fc-4ce0-87df-963ab10b2629	1	1004
f88ef092-73cf-4397-9678-c2e1e6d09889	0	286
f8dd54dd-afb3-411e-97eb-5d3f39b8436b	0	35
f8e55506-419e-453f-9d9c-127be65fa32d	0	116
f8f9c39f-03fc-4209-8182-d79afce0700c	2	2421
f8fb9acf-9e00-4c37-acce-1fd06abd8c0a	2	1871
f903edb1-fad7-4bb8-8ae8-9ccdd0553cee	2	3059
f92469be-f755-433a-be19-8bd0c9040e5a	3	3648
f92671a4-1635-45b2-bc04-20d029a4cd49	4	27502
f969f986-97df-4fa0-8cef-ffccd098ff50	4	88800
f970327b-faa2-465b-8161-83b22d1038c9	1	799
f9c33899-0819-4181-b027-fb371d568d56	0	16
f9d6fe4b-bd8a-45fe-b10d-d3939e74c016	0	377
f9d9c7d6-8e51-4fd0-810d-23d6384b5675	0	35
f9dcefc1-1b1c-47d3-b230-16d432de79ab	3	4814
f9e52b78-5499-4897-b979-7f430ec5b5cd	3	7402
f9ea4b4c-7721-40e7-8bb9-25690d1334a6	0	422
fa25c9c7-8b4f-4008-b1bf-f16694a5b81f	2	1679
fa48d84a-1b9d-4082-81c6-6eae5ca76920	1	1155
fa737b46-90a1-4e68-93a0-6425bbaa353e	4	11650
fa809756-269f-429c-b08c-10526f15d116	0	415
fa93c17e-ddb8-4747-8164-7b05d42edaaf	3	4784
faa6a58e-33db-43c3-a430-396ad3ed2ce5	0	144
faabeed5-3dd0-4be5-aec5-e6486e68db2f	2	1629
fad955ab-a845-4e53-aeab-8ef56429dd89	1	600
faeb2565-6ef4-4b4c-a4ab-f5505fed75f8	2	2164
faf6d8a1-eb46-476f-9472-c9e0064b6663	3	4539
fb0d8969-ba25-4e12-9b97-bf7dab5b13ca	4	11877
fb1233ce-287c-4ee7-a2bc-83482d924a9b	0	436
fb42bc41-953c-4040-88e7-0f6757339ea1	4	18335
fb4d6659-1a78-4cfe-a19f-1717002b133d	1	893
fb6856c8-472a-40b3-ac92-dcaad7b440f4	3	4432
fb6f10d0-8ee4-4f8f-8e0e-5e797fe9d699	4	27744
fb77a689-1515-4d82-80c8-042da82f5554	3	4400
fba004b3-8333-4de7-8b78-298cae96c4b6	2	2831
fbb78fdf-2ae5-4cb5-8f88-7021ac7f67eb	0	86
fbbf5e36-dca4-4e2b-9b30-4a9d944aa75c	2	2268
fbc8e7a0-9119-4c18-899e-94475abb5c8d	2	1988
fbca5223-6808-49cd-aebe-300600f51077	4	17247
fbd70431-2546-4045-abfb-26029c7ca76d	2	1673
fbeea569-5cca-4383-affa-a590c866cd69	1	671
fbeeac8c-5a26-4d7a-af73-15390fba3c6a	1	884
fc004e1b-4e20-49cb-8322-d131a3a961e7	3	6278
fc3ae4dd-dcc5-4f99-a865-6bc1a5c9b705	2	2627
fc5598c0-8070-4751-adce-9e43e6c66867	0	380
fcb9c754-2cc3-4306-90dc-89dce7de9a2c	0	386
fcc0f485-190e-4d85-81a4-5567cfa4a3bc	2	1511
fcc68ce4-1a64-46c3-bca1-67a5c5a41b61	0	267
fcc7e9c8-3474-4221-b83a-27890982e0fa	4	17319
fce13988-43b3-4ea2-ac02-d26e4cb5f364	0	197
fce73a93-bd0b-4449-b275-eade0625f2c4	1	721
fcefa5c2-a874-4722-b384-fb0ba560f66b	1	728
fd2431e6-8ea4-42df-bcb6-778eabf08b1a	0	171
fd4eb2d7-5669-4e9c-855c-c11ec95c6ee9	1	1231
fd56245a-a479-4a80-9cdc-780ea3f907df	1	569
fd673f97-a906-4eed-89a8-f58fe28ccc30	2	2057
fd93a816-575c-4b76-9a7b-6c2b1fabf78e	1	1419
fd959f28-1d83-4366-9784-39dff4b0990c	2	3440
fd99f6fc-c753-440c-ae39-ba5f6ae996b8	4	17254
fd9a03cb-5cf8-4b7b-9798-6c71b47aa6a3	2	1728
fdbdfede-f220-41b2-88cc-7facbf183a95	0	192
fdc19c20-72b0-4d61-9265-e9a3fd062aaa	2	2025
fdd67e7a-8cf1-4bca-93b4-b5ddf1fea41c	2	2884
fddef795-c4fe-419e-8822-5130cff27b29	0	31
fde1cff2-5a7b-4e8c-9666-110fa90500fb	3	5804
fe178ee8-618e-4811-aebd-1f710c0e91fe	0	502
fe58e2fd-10ef-4034-90bc-fbc28e378570	1	712
fe5ff6dd-ec34-45a2-936b-80c4c6f723cf	3	5462
fe6cebeb-8dbc-49aa-a63b-79505b536caf	4	12475
fe724854-1fbb-493e-9c08-c68026070c6b	3	4266
fe93a178-183a-42c9-b3c7-53102b8c724d	2	3051
fe98c743-b67b-43b8-a434-ee7c8a667eec	4	12109
fe98e268-4ddd-441b-95a0-b219375f9ae4	4	33282
fe9fdc3a-107c-46aa-8610-86b1e92c135e	4	12390
feca2d9a-69b4-4ce6-81c4-b3047a1cc083	3	4205
fedbdaa2-bf8f-40ab-bd32-7cbbd31bdc1c	2	2768
fef1c408-438f-460d-bd20-97ee40006faf	1	1185
fefc8328-4ec3-4616-9303-862e8d4de4c4	2	2373
ff055164-5a33-45cf-bd7e-d07f93897dc7	0	18
ff12b241-8fdf-4cfd-96a8-a5f4dee8e8d3	0	320
ff47ca0e-ddbb-4c7e-8313-f97a05d7e091	0	39
ff542f86-ec52-4425-b19b-7f4f4cafc91d	2	2105
ff58caac-6f84-4f86-b32d-a994551dda4d	0	232
ff63308d-2f1a-4e0b-a079-ef0d17144336	2	1481
ff8ae1ea-b12b-40ef-a069-9641955d6fb3	0	126
ffb316f0-0df3-4f9c-b0e0-945187b6e964	2	3354
ffbd09fd-30ca-4941-8e83-968c31076891	3	5088
ffd22b66-ef54-41e7-9993-635e4392755b	2	3031
ffebb908-085c-45ca-ad32-2bbcc74db13c	1	890
fff2bf29-be26-430f-ad20-33062c61333d	3	5574
